index,name,species,form,total,hp,attack,defense,sp_atk,sp_def,speed,type1,type2,colour,information
1,Bulbasaur,Bulbasaur,default,318,45,49,49,65,65,45,grass,poison,#3D7DCA,
2,Ivysaur,Ivysaur,default,405,60,62,63,80,80,60,grass,poison,#3D7DCA,
3,Mega Venusaur,Venusaur,Mega,625,80,100,123,122,120,80,grass,poison,green,Mega/Primal
3,Venusaur,Venusaur,default,525,80,82,83,100,100,80,grass,poison,#3D7DCA,
4,Charmander,Charmander,default,309,39,52,43,60,50,65,fire,,#3D7DCA,
5,Charmeleon,Charmeleon,default,405,58,64,58,80,65,80,fire,,#3D7DCA,
6,Mega Charizard X,Charizard,Mega,634,78,130,111,130,85,100,fire,dragon,green,Mega/Primal
6,Mega Charizard Y,Charizard,Mega,634,78,104,78,159,115,100,fire,flying,green,Mega/Primal
6,Charizard,Charizard,default,534,78,84,78,109,85,100,fire,flying,#3D7DCA,
7,Squirtle,Squirtle,default,314,44,48,65,50,64,43,water,,#3D7DCA,
8,Wartortle,Wartortle,default,405,59,63,80,65,80,58,water,,#3D7DCA,
9,Mega Blastoise,Blastoise,Mega,630,79,103,120,135,115,78,water,,green,Mega/Primal
9,Blastoise,Blastoise,default,530,79,83,100,85,105,78,water,,#3D7DCA,
10,Caterpie,Caterpie,default,195,45,30,35,20,20,45,bug,,#3D7DCA,
11,Metapod,Metapod,default,205,50,20,55,25,25,30,bug,,#3D7DCA,
12,Butterfree,Butterfree,default,395,60,45,50,90,80,70,bug,flying,#3D7DCA,
13,Weedle,Weedle,default,195,40,35,30,20,20,50,bug,,#3D7DCA,
14,Kakuna,Kakuna,default,205,45,25,50,25,25,35,bug,,#3D7DCA,
15,Mega Beedrill,Beedrill,Mega,495,65,150,40,15,80,145,bug,poison,green,Mega/Primal
15,Beedrill,Beedrill,default,395,65,90,40,45,80,75,bug,poison,#3D7DCA,
16,Pidgey,Pidgey,default,251,40,45,40,35,35,56,normal,flying,#3D7DCA,
17,Pidgeotto,Pidgeotto,default,349,63,60,55,50,50,71,normal,flying,#3D7DCA,
18,Mega Pidgeot,Pidgeot,Mega,579,83,80,80,135,80,121,normal,flying,green,Mega/Primal
18,Pidgeot,Pidgeot,default,479,83,80,75,70,70,101,normal,flying,#3D7DCA,
19,Alolan Rattata,Rattata,Alolan,253,30,56,35,25,35,72,dark,normal,maroon,Regional Variant
19,Rattata,Rattata,default,253,30,56,35,25,35,72,nomal,,#3D7DCA,
20,Alolan Raticate,Raticate,Alolan,413,75,71,70,40,80,77,dark,normal,maroon,Regional Variant
20,Raticate,Raticate,default,413,55,81,60,50,70,97,normal,,#3D7DCA,
21,Spearow,Spearow,default,262,40,60,30,31,31,70,normal,flying,#3D7DCA,
22,Fearow,Fearow,default,442,65,90,65,61,61,100,normal,flying,#3D7DCA,
23,Ekans,Ekans,default,288,35,60,44,40,54,55,poison,,#3D7DCA,
24,Arbok,Arbok,default,448,60,95,69,65,79,80,electric,,#3D7DCA,
25,Partner Pikachu,Pikachu,Partner,430,45,80,50,75,60,120,electric,,#3D7DCA,
25,Pikachu,Pikachu,default,320,35,55,40,50,50,90,electric,,#3D7DCA,
26,Alolan Raichu,Raichu,Alolan,485,60,85,50,95,85,110,electric,psychic,maroon,Regional Variant
26,Raichu,Raichu,default,485,60,90,55,90,80,110,ground,,#3D7DCA,
27,Alolan Sandshrew,Sandshrew,Alolan,300,50,75,90,10,35,40,ice,steel,maroon,Regional Variant
27,Sandshrew,Sandshrew,default,300,50,75,85,20,30,40,ground,,#3D7DCA,
28,Alolan Sandslash,Sandslash,Alolan,450,75,100,120,25,65,65,ice,steel,maroon,Regional Variant
28,Sandslash,Sandslash,default,450,75,100,110,45,55,65,poison,,#3D7DCA,
29,Nidoran Female,Nidoran Female,default,275,55,47,52,40,40,41,poison,,#3D7DCA,
30,Nidorina,Nidorina,default,365,70,62,67,55,55,56,poison,,#3D7DCA,
31,Nidoqueen,Nidoqueen,default,505,90,92,87,75,85,76,poison,ground,#3D7DCA,
32,Nidoran Male,Nidoran Male,default,273,46,57,40,40,40,50,poison,,#3D7DCA,
33,Nidorino,Nidorino,default,365,61,72,57,55,55,65,poison,,#3D7DCA,
34,Nidoking,Nidoking,default,505,81,102,77,85,75,85,poison,ground,#3D7DCA,
35,Clefairy,Clefairy,default,323,70,45,48,60,65,35,fairy,,#3D7DCA,
36,Clefable,Clefable,default,483,95,70,73,95,90,60,fairy,,#3D7DCA,
37,Alolan Vulpix,Vulpix,Alolan,299,38,41,40,50,65,65,ice,fairy,maroon,Regional Variant
37,Vulpix,Vulpix,default,299,38,41,40,50,65,65,fire,,#3D7DCA,
38,Alolan Ninetales,Ninetales,Alolan,505,73,67,75,81,100,109,ice,fairy,maroon,Regional Variant
38,Ninetales,Ninetales,default,505,73,76,75,81,100,100,fire,,#3D7DCA,
39,Jigglypuff,Jigglypuff,default,270,115,45,20,45,25,20,normal,fairy,#3D7DCA,
40,Wigglytuff,Wigglytuff,default,435,140,70,45,85,50,45,normal,fairy,#3D7DCA,
41,Zubat,Zubat,default,245,40,45,35,30,40,55,poison,flying,#3D7DCA,
42,Golbat,Golbat,default,455,75,80,70,65,75,90,poison,flying,#3D7DCA,
43,Oddish,Oddish,default,320,45,50,55,75,65,30,grass,poison,#3D7DCA,
44,Gloom,Gloom,default,395,60,65,70,85,75,40,grass,poison,#3D7DCA,
45,Vileplume,Vileplume,default,490,75,80,85,110,90,50,grass,poison,#3D7DCA,
46,Paras,Paras,default,285,35,70,55,45,55,25,bug,grass,#3D7DCA,
47,Parasect,Parasect,default,405,60,95,80,60,80,30,bug,grass,#3D7DCA,
48,Venonat,Venonat,default,305,60,55,50,40,55,45,bug,poison,#3D7DCA,
49,Venomoth,Venomoth,default,450,70,65,60,90,75,90,bug,poison,#3D7DCA,
50,Alolan Diglett,Diglett,Alolan,265,10,55,30,35,45,90,ground,steel,maroon,Regional Variant
50,Diglett,Diglett,default,265,10,55,25,35,45,95,ground,,#3D7DCA,
51,Alolan Dugtrio,Dugtrio,Alolan,425,35,100,60,50,70,110,ground,steel,maroon,Regional Variant
51,Dugtrio,Dugtrio,default,425,35,100,50,50,70,120,ground,,#3D7DCA,
52,Alolan Meowth,Meowth,Alolan,290,40,35,35,50,40,90,dark,,maroon,Regional Variant
52,Galarian Meowth,Meowth,Galarian,290,50,65,55,40,40,40,steel,,maroon,Regional Variant
52,Meowth,Meowth,default,290,40,45,35,40,40,90,normal,,#3D7DCA,
53,Alolan Persian,Persian,Alolan,440,65,60,60,75,65,115,dark,,maroon,Regional Variant
53,Persian,Persian,default,440,65,70,60,65,65,115,normal,,#3D7DCA,
54,Psyduck,Psyduck,default,320,50,52,48,65,50,55,water,,#3D7DCA,
55,Golduck,Golduck,default,500,80,82,78,95,80,85,water,,#3D7DCA,
56,Mankey,Mankey,default,305,40,80,35,35,45,70,fighting,,#3D7DCA,
57,Primeape,Primeape,default,455,65,105,60,60,70,95,fighting,,#3D7DCA,
58,Hisuian Growlithe,Growlithe,Hisuian,350,60,75,45,65,50,55,fire,rock,maroon,Regional Variant
58,Growlithe,Growlithe,default,350,55,70,45,70,50,60,fire,,#3D7DCA,
59,Hisuian Arcanine,Arcanine,Hisuian,555,95,115,80,95,80,90,fire,rock,maroon,Regional Variant
59,Arcanine,Arcanine,default,555,90,110,80,100,80,95,fire,,#3D7DCA,
60,Poliwag,Poliwag,default,300,40,50,40,40,40,90,water,,#3D7DCA,
61,Poliwhirl,Poliwhirl,default,385,65,65,65,50,50,90,water,,#3D7DCA,
62,Poliwrath,Poliwrath,default,510,90,95,95,70,90,70,water,fighting,#3D7DCA,
63,Abra,Abra,default,310,25,20,15,105,55,90,psychic,,#3D7DCA,
64,Kadabra,Kadabra,default,400,40,35,30,120,70,105,psychic,,#3D7DCA,
65,Mega Alakazam,Alakazam,Mega,600,55,50,65,175,105,150,psychic,,green,Mega/Primal
65,Alakazam,Alakazam,default,500,55,50,45,135,95,120,psychic,,#3D7DCA,
66,Machop,Machop,default,305,70,80,50,35,35,35,fighting,,#3D7DCA,
67,Machoke,Machoke,default,405,80,100,70,50,60,45,fighting,,#3D7DCA,
68,Machamp,Machamp,default,505,90,130,80,65,85,55,fighting,,#3D7DCA,
69,Bellsprout,Bellsprout,default,300,50,75,35,70,30,40,grass,poison,#3D7DCA,
70,Weepinbell,Weepinbell,default,390,65,90,50,85,45,55,grass,poison,#3D7DCA,
71,Victreebel,Victreebel,default,490,80,105,65,100,70,70,grass,poison,#3D7DCA,
72,Tentacool,Tentacool,default,335,40,40,35,50,100,70,water,poison,#3D7DCA,
73,Tentacruel,Tentacruel,default,515,80,70,65,80,120,100,water,poison,#3D7DCA,
74,Alolan Geodude,Geodude,Alolan,300,40,80,100,30,30,20,rock,electric,maroon,Regional Variant
74,Geodude,Geodude,default,300,40,80,100,30,30,20,rock,ground,#3D7DCA,
75,Alolan Graveler,Graveler,Alolan,390,55,95,115,45,45,35,rock,electric,maroon,Regional Variant
75,Graveler,Graveler,default,390,55,95,115,45,45,35,rock,ground,#3D7DCA,
76,Alolan Golem,Golem,Alolan,495,80,120,130,55,65,45,rock,electric,maroon,Regional Variant
76,Golem,Golem,default,495,80,120,130,55,65,45,rock,ground,#3D7DCA,
77,Galarian Ponyta,Ponyta,Galarian,410,50,85,55,65,65,90,psychic,,maroon,Regional Variant
77,Ponyta,Ponyta,default,410,50,85,55,65,65,90,fire,,#3D7DCA,
78,Galarian Rapidash,Rapidash,Galarian,500,65,100,70,80,80,105,psychic,fairy,maroon,Regional Variant
78,Rapidash,Rapidash,default,500,65,100,70,80,80,105,fire,,#3D7DCA,
79,Galarian Slowpoke,Slowpoke,Galarian,315,90,65,65,40,40,15,psychic,,maroon,Regional Variant
79,Slowpoke,Slowpoke,default,315,90,65,65,40,40,15,water,psychic,#3D7DCA,
80,Mega Slowbro,Slowbro,Mega,590,95,75,180,130,80,30,water,psychic,green,Mega/Primal
80,Galarian Slowbro,Slowbro,Galarian,490,95,100,95,100,70,30,poison,psychic,maroon,Regional Variant
80,Slowbro,Slowbro,default,490,95,75,110,100,80,30,water,psychic,#3D7DCA,
81,Magnemite,Magnemite,default,325,25,35,70,95,55,45,electric,steel,#3D7DCA,
82,Magneton,Magneton,default,465,50,60,95,120,70,70,electric,steel,#3D7DCA,
83,Galarian Farfetch'd,Farfetch'd,Galarian,377,52,95,55,58,62,55,fighting,,maroon,Regional Variant
83,Farfetch'd,Farfetch'd,default,377,52,90,55,58,62,60,normal,flying,#3D7DCA,
84,Doduo,Doduo,default,310,35,85,45,35,35,75,normal,flying,#3D7DCA,
85,Dodrio,Dodrio,default,470,60,110,70,60,60,110,normal,flying,#3D7DCA,
86,Seel,Seel,default,325,65,45,55,45,70,45,water,,#3D7DCA,
87,Dewgong,Dewgong,default,475,90,70,80,70,95,70,water,ice,#3D7DCA,
88,Alolan Grimer,Grimer,Alolan,325,80,80,50,40,50,25,poison,dark,maroon,Regional Variant
88,Grimer,Grimer,default,325,80,80,50,40,50,25,poison,,#3D7DCA,
89,Alolan Muk,Muk,Alolan,500,105,105,75,65,100,50,poison,dark,maroon,Regional Variant
89,Muk,Muk,default,500,105,105,75,65,100,50,poison,,#3D7DCA,
90,Shellder,Shellder,default,305,30,65,100,45,25,40,water,,#3D7DCA,
91,Cloyster,Cloyster,default,525,50,95,180,85,45,70,water,ice,#3D7DCA,
92,Gastly,Gastly,default,310,30,35,30,100,35,80,ghost,poison,#3D7DCA,
93,Haunter,Haunter,default,405,45,50,45,115,55,95,ghost,poison,#3D7DCA,
94,Mega Gengar,Gengar,Mega,600,60,65,80,170,95,130,ghost,poison,green,Mega/Primal
94,Gengar,Gengar,default,500,60,65,60,130,75,110,ghost,poison,#3D7DCA,
95,Onix,Onix,default,385,35,45,160,30,45,70,rock,ground,#3D7DCA,
96,Drowzee,Drowzee,default,328,60,48,45,43,90,42,psychic,,#3D7DCA,
97,Hypno,Hypno,default,483,85,73,70,73,115,67,psychic,,#3D7DCA,
98,Krabby,Krabby,default,325,30,105,90,25,25,50,water,,#3D7DCA,
99,Kingler,Kingler,default,475,55,130,115,50,50,75,water,,#3D7DCA,
100,Hisuian Voltorb,Voltorb,Hisuian,330,40,30,50,55,55,100,electric,grass,maroon,Regional Variant
100,Voltorb,Voltorb,default,330,40,30,50,55,55,100,electric,,#3D7DCA,
101,Hisuian Electrode,Electrode,Hisuian,490,60,50,70,80,80,150,electric,grass,maroon,Regional Variant
101,Electrode,Electrode,default,490,60,50,70,80,80,150,electric,,#3D7DCA,
102,Exeggcute,Exeggcute,default,325,60,40,80,60,45,40,grass,psychic,#3D7DCA,
103,Alolan Exeggutor,Exeggutor,Alolan,530,95,105,85,125,75,45,grass,dragon,maroon,Regional Variant
103,Exeggutor,Exeggutor,default,530,95,95,85,125,75,55,grass,psychic,#3D7DCA,
104,Cubone,Cubone,default,320,50,50,95,40,50,35,ground,,#3D7DCA,
105,Alolan Marowak,Marowak,Alolan,425,60,80,110,50,80,45,fire,ghost,maroon,Regional Variant
105,Marowak,Marowak,default,425,60,80,110,50,80,45,ground,,#3D7DCA,
106,Hitmonlee,Hitmonlee,default,455,50,120,53,35,110,87,fighting,,#3D7DCA,
107,Hitmonchan,Hitmonchan,default,455,50,105,79,35,110,76,fighting,,#3D7DCA,
108,Lickitung,Lickitung,default,385,90,55,75,60,75,30,normal,,#3D7DCA,
109,Koffing,Koffing,default,340,40,65,95,60,45,35,poison,,#3D7DCA,
110,Galarian Weezing,Weezing,Galarian,490,65,90,120,85,70,60,poison,fairy,maroon,Regional Variant
110,Weezing,Weezing,default,490,65,90,120,85,70,60,poison,,#3D7DCA,
111,Rhyhorn,Rhyhorn,default,345,80,85,95,30,30,25,ground,rock,#3D7DCA,
112,Rhydon,Rhydon,default,485,105,130,120,45,45,40,ground,rock,#3D7DCA,
113,Chansey,Chansey,default,450,250,5,5,35,105,50,normal,,#3D7DCA,
114,Tangela,Tangela,default,435,65,55,115,100,40,60,grass,,#3D7DCA,
115,Mega Kangaskhan,Kangaskhan,Mega,590,105,125,100,60,100,100,normal,,green,Mega/Primal
115,Kangaskhan,Kangaskhan,default,490,105,95,80,40,80,90,normal,,#3D7DCA,
116,Horsea,Horsea,default,295,30,40,70,70,25,60,water,,#3D7DCA,
117,Seadra,Seadra,default,440,55,65,95,95,45,85,water,,#3D7DCA,
118,Goldeen,Goldeen,default,320,45,67,60,35,50,63,water,,#3D7DCA,
119,Seaking,Seaking,default,450,80,92,65,65,80,68,water,,#3D7DCA,
120,Staryu,Staryu,default,340,30,45,55,70,55,85,water,,#3D7DCA,
121,Starmie,Starmie,default,520,60,75,85,100,85,115,water,psychic,#3D7DCA,
122,Galarian Mr. Mime,Mr. Mime,Galarian,460,50,65,65,90,90,100,ice,psychic,maroon,Regional Variant
122,Mr. Mime,Mr. Mime,default,460,40,45,65,100,120,90,psychic,fairy,#3D7DCA,
123,Scyther,Scyther,default,500,70,110,80,55,80,105,bug,flying,#3D7DCA,
124,Jynx,Jynx,default,455,65,50,35,115,95,95,ice,psychic,#3D7DCA,
125,Electabuzz,Electabuzz,default,490,65,83,57,95,85,105,electric,,#3D7DCA,
126,Magmar,Magmar,default,495,65,95,57,100,85,93,fire,,#3D7DCA,
127,Mega Pinsir,Pinsir,Mega,600,65,155,120,65,90,105,bug,flying,green,Mega/Primal
127,Pinsir,Pinsir,default,500,65,125,100,55,70,85,bug,,#3D7DCA,
128,Combat Breed Tauros,Tauros,Combat Breed,490,75,110,105,30,70,100,fighting,,#3D7DCA,
128,Blaze Breed Tauros,Tauros,Blaze Breed,490,75,110,105,30,70,100,fighting,fire,#3D7DCA,
128,Aqua Breed Tauros,Tauros,Aqua Breed,490,75,110,105,30,70,100,fighting,water,#3D7DCA,
128,Tauros,Tauros,default,490,75,100,95,40,70,110,normal,,#3D7DCA,
129,Magikarp,Magikarp,default,200,20,10,55,15,20,80,water,,#3D7DCA,
130,Mega Gyarados,Gyarados,Mega,640,95,155,109,70,130,81,water,dark,green,Mega/Primal
130,Gyarados,Gyarados,default,540,95,125,79,60,100,81,water,flying,#3D7DCA,
131,Lapras,Lapras,default,535,130,85,80,85,95,60,water,ice,#3D7DCA,
132,Ditto,Ditto,default,288,48,48,48,48,48,48,normal,,#3D7DCA,
133,Partner Eevee,Eevee,Partner,435,65,75,70,65,85,75,normal,,#3D7DCA,
133,Eevee,Eevee,default,325,55,55,50,45,65,55,normal,,#3D7DCA,
134,Vaporeon,Vaporeon,default,525,130,65,60,110,95,65,water,,#3D7DCA,
135,Jolteon,Jolteon,default,525,65,65,60,110,95,130,electric,,#3D7DCA,
136,Flareon,Flareon,default,525,65,130,60,95,110,65,fire,,#3D7DCA,
137,Porygon,Porygon,default,395,65,60,70,85,75,40,normal,,#3D7DCA,
138,Omanyte,Omanyte,default,355,35,40,100,90,55,35,rock,water,#3D7DCA,
139,Omastar,Omastar,default,495,70,60,125,115,70,55,rock,water,#3D7DCA,
140,Kabuto,Kabuto,default,355,30,80,90,55,45,55,rock,water,#3D7DCA,
141,Kabutops,Kabutops,default,495,60,115,105,65,70,80,rock,water,#3D7DCA,
142,Mega Aerodactyl,Aerodactyl,Mega,615,80,135,85,70,95,150,rock,flying,green,Mega/Primal
142,Aerodactyl,Aerodactyl,default,515,80,105,65,60,75,130,rock,flying,#3D7DCA,
143,Snorlax,Snorlax,default,540,160,110,65,65,110,30,normal,,#3D7DCA,
144,Galarian Articuno,Articuno,Galarian,580,90,85,85,125,100,95,psychic,flying,maroon,Regional Variant
144,Articuno,Articuno,default,580,90,85,100,95,125,85,ice,flying,#3D7DCA,
145,Galarian Zapdos,Zapdos,Galarian,580,90,125,90,85,90,100,fighting,flying,maroon,Regional Variant
145,Zapdos,Zapdos,default,580,90,90,85,125,90,100,electric,flying,#3D7DCA,
146,Galarian Moltres,Moltres,Galarian,580,90,85,90,100,125,90,dark,flying,maroon,Regional Variant
146,Moltres,Moltres,default,580,90,100,90,125,85,90,fire,flying,#3D7DCA,
147,Dratini,Dratini,default,300,41,64,45,50,50,50,dragon,,#3D7DCA,
148,Dragonair,Dragonair,default,420,61,84,65,70,70,70,dragon,,#3D7DCA,
149,Dragonite,Dragonite,default,600,91,134,95,100,100,80,dragon,flying,#3D7DCA,
150,Mega Mewtwo X,Mewtwo,Mega,780,106,190,100,154,100,130,psychic,fighting,green,Mega/Primal
150,Mega Mewtwo Y,Mewtwo,Mega,780,106,150,70,194,120,140,psychic,,green,Mega/Primal
150,Mewtwo,Mewtwo,default,680,106,110,90,154,90,130,psychic,,#3D7DCA,
151,Mew,Mew,default,600,100,100,100,100,100,100,psychic,,#3D7DCA,
152,Chikorita,Chikorita,default,318,45,49,65,49,65,45,grass,,#3D7DCA,
153,Bayleef,Bayleef,default,405,60,62,80,63,80,60,grass,,#3D7DCA,
154,Meganium,Meganium,default,525,80,82,100,83,100,80,grass,,#3D7DCA,
155,Cyndaquil,Cyndaquil,default,309,39,52,43,60,50,65,fire,,#3D7DCA,
156,Quilava,Quilava,default,405,58,64,58,80,65,80,fire,,#3D7DCA,
157,Hisuian Typhlosion,Typhlosion,Hisuian,534,73,84,78,119,85,95,fire,ghost,maroon,Regional Variant
157,Typhlosion,Typhlosion,default,534,78,84,78,109,85,100,fire,,#3D7DCA,
158,Totodile,Totodile,default,314,50,65,64,44,48,43,water,,#3D7DCA,
159,Croconaw,Croconaw,default,405,65,80,80,59,63,58,water,,#3D7DCA,
160,Feraligatr,Feraligatr,default,530,85,105,100,79,83,78,water,,#3D7DCA,
161,Sentret,Sentret,default,215,35,46,34,35,45,20,normal,,#3D7DCA,
162,Furret,Furret,default,415,85,76,64,45,55,90,nrm,,#3D7DCA,
163,Hoothoot,Hoothoot,default,262,60,30,30,36,56,50,normal,flying,#3D7DCA,
164,Noctowl,Noctowl,default,452,100,50,50,86,96,70,normal,flying,#3D7DCA,
165,Ledyba,Ledyba,default,265,40,20,30,40,80,55,bug,flying,#3D7DCA,
166,Ledian,Ledian,default,390,55,35,50,55,110,85,bug,flying,#3D7DCA,
167,Spinarak,Spinarak,default,250,40,60,40,40,40,30,bug,poison,#3D7DCA,
168,Ariados,Ariados,default,400,70,90,70,60,70,40,bug,poison,#3D7DCA,
169,Crobat,Crobat,default,535,85,90,80,70,80,130,poison,flying,#3D7DCA,
170,Chinchou,Chinchou,default,330,75,38,38,56,56,67,water,electric,#3D7DCA,
171,Lanturn,Lanturn,default,460,125,58,58,76,76,67,water,electric,#3D7DCA,
172,Pichu,Pichu,default,205,20,40,15,35,35,60,electric,,#3D7DCA,
173,Cleffa,Cleffa,default,218,50,25,28,45,55,15,fairy,,#3D7DCA,
174,Igglybuff,Igglybuff,default,210,90,30,15,40,20,15,normal,fairy,#3D7DCA,
175,Togepi,Togepi,default,245,35,20,65,40,65,20,fairy,,#3D7DCA,
176,Togetic,Togetic,default,405,55,40,85,80,105,40,fairy,flying,#3D7DCA,
177,Natu,Natu,default,320,40,50,45,70,45,70,psychic,flying,#3D7DCA,
178,Xatu,Xatu,default,470,65,75,70,95,70,95,psychic,flying,#3D7DCA,
179,Mareep,Mareep,default,280,55,40,40,65,45,35,electric,,#3D7DCA,
180,Flaaffy,Flaaffy,default,365,70,55,55,80,60,45,electric,,#3D7DCA,
181,Mega Ampharos,Ampharos,Mega,610,90,95,105,165,110,45,electric,dragon,green,Mega/Primal
181,Ampharos,Ampharos,default,510,90,75,85,115,90,55,electric,,#3D7DCA,
182,Bellossom,Bellossom,default,490,75,80,95,90,100,50,grass,,#3D7DCA,
183,Marill,Marill,default,250,70,20,50,20,50,40,water,fairy,#3D7DCA,
184,Azumarill,Azumarill,default,420,100,50,80,60,80,50,water,fairy,#3D7DCA,
185,Sudowoodo,Sudowoodo,default,410,70,100,115,30,65,30,rock,,#3D7DCA,
186,Politoed,Politoed,default,500,90,75,75,90,100,70,water,,#3D7DCA,
187,Hoppip,Hoppip,default,250,35,35,40,35,55,50,grass,flying,#3D7DCA,
188,Skiploom,Skiploom,default,340,55,45,50,45,65,80,grass,flying,#3D7DCA,
189,Jumpluff,Jumpluff,default,460,75,55,70,55,95,110,grass,flying,#3D7DCA,
190,Aipom,Aipom,default,360,55,70,55,40,55,85,normal,,#3D7DCA,
191,Sunkern,Sunkern,default,180,30,30,30,30,30,30,grass,,#3D7DCA,
192,Sunflora,Sunflora,default,425,75,75,55,105,85,30,grass,,#3D7DCA,
193,Yanma,Yanma,default,390,65,65,45,75,45,95,bug,flying,#3D7DCA,
194,Paldean Wooper,Wooper,Paldean,210,55,45,45,25,25,15,poison,ground,maroon,Regional Variant
194,Wooper,Wooper,default,210,55,45,45,25,25,15,water,ground,#3D7DCA,
195,Quagsire,Quagsire,default,430,95,85,85,65,65,35,water,ground,#3D7DCA,
196,Espeon,Espeon,default,525,65,65,60,130,95,110,psychic,,#3D7DCA,
197,Umbreon,Umbreon,default,525,95,65,110,60,130,65,dark,,#3D7DCA,
198,Murkrow,Murkrow,default,405,60,85,42,85,42,91,dark,flying,#3D7DCA,
199,Galarian Slowking,Slowking,Galarian,490,95,65,80,110,110,30,poison,psychic,maroon,Regional Variant
199,Slowking,Slowking,default,490,95,75,80,100,110,30,water,psychic,#3D7DCA,
200,Misdreavus,Misdreavus,default,435,60,60,60,85,85,85,ghost,,#3D7DCA,
201,Unown,Unown,default,336,48,72,48,72,48,48,psychic,,#3D7DCA,
202,Wobbuffet,Wobbuffet,default,405,190,33,58,33,58,33,psychic,,#3D7DCA,
203,Girafarig,Girafarig,default,455,70,80,65,90,65,85,normal,psychic,#3D7DCA,
204,Pineco,Pineco,default,290,50,65,90,35,35,15,bug,,#3D7DCA,
205,Forretress,Forretress,default,465,75,90,140,60,60,40,bug,steel,#3D7DCA,
206,Dunsparce,Dunsparce,default,415,100,70,70,65,65,45,normal,,#3D7DCA,
207,Gligar,Gligar,default,430,65,75,105,35,65,85,ground,flying,#3D7DCA,
208,Mega Steelix,Steelix,Mega,610,75,125,230,55,95,30,steel,ground,green,Mega/Primal
208,Steelix,Steelix,default,510,75,85,200,55,65,30,steel,ground,#3D7DCA,
209,Snubbull,Snubbull,default,300,60,80,50,40,40,30,fairy,,#3D7DCA,
210,Granbull,Granbull,default,450,90,120,75,60,60,45,fairy,,#3D7DCA,
211,Qwilfish,Qwilfish,Hisuian,440,65,95,85,55,55,85,dark,poison,maroon,Regional Variant
211,Qwilfish,Qwilfish,default,440,65,95,85,55,55,85,water,poison,#3D7DCA,
212,Mega Scizor,Scizor,Mega,600,70,150,140,65,100,75,bug,steel,green,Mega/Primal
212,Scizor,Scizor,default,500,70,130,100,55,80,65,bug,steel,#3D7DCA,
213,Shuckle,Shuckle,default,505,20,10,230,10,230,5,bug,rock,#3D7DCA,
214,Mega Heracross,Heracross,Mega,600,80,185,115,40,105,75,bug,fighting,green,Mega/Primal
214,Heracross,Heracross,default,500,80,125,75,40,95,85,bug,fighting,#3D7DCA,
215,Sneasel,Sneasel,Hisuian,430,55,95,55,35,75,115,fighting,poison,maroon,Regional Variant
215,Sneasel,Sneasel,default,430,55,95,55,35,75,115,dark,ice,#3D7DCA,
216,Teddiursa,Teddiursa,default,330,60,80,50,50,50,40,normal,,#3D7DCA,
217,Ursaring,Ursaring,default,500,90,130,75,75,75,55,normal,,#3D7DCA,
218,Slugma,Slugma,default,250,40,40,40,70,40,20,fire,,#3D7DCA,
219,Magcargo,Magcargo,default,430,60,50,120,90,80,30,fire,rock,#3D7DCA,
220,Swinub,Swinub,default,250,50,50,40,30,30,50,ice,ground,#3D7DCA,
221,Piloswine,Piloswine,default,450,100,100,80,60,60,50,ice,ground,#3D7DCA,
222,Corsola,Corsola,Galarian,410,60,55,100,65,100,30,ghost,,maroon,Regional Variant
222,Corsola,Corsola,default,410,65,55,95,65,95,35,water,,#3D7DCA,
223,Remoraid,Remoraid,default,300,35,65,35,65,35,65,water,,#3D7DCA,
224,Octillery,Octillery,default,480,75,105,75,105,75,45,water,,#3D7DCA,
225,Delibird,Delibird,default,330,45,55,45,65,45,75,ice,flying,#3D7DCA,
226,Mantine,Mantine,default,485,85,40,70,80,140,70,water,flying,#3D7DCA,
227,Skarmory,Skarmory,default,465,65,80,140,40,70,70,steel,flying,#3D7DCA,
228,Houndour,Houndour,default,330,45,60,30,80,50,65,dark,fire,#3D7DCA,
229,Mega Houndoom,Houndoom,Mega,600,75,90,90,140,90,115,dark,fire,green,Mega/Primal
229,Houndoom,Houndoom,default,500,75,90,50,110,80,95,dark,fire,#3D7DCA,
230,Kingdra,Kingdra,default,540,75,95,95,95,95,85,water,dragon,#3D7DCA,
231,Phanpy,Phanpy,default,330,90,60,60,40,40,40,ground,,#3D7DCA,
232,Donphan,Donphan,default,500,90,120,120,60,60,50,ground,,#3D7DCA,
233,Porygon2,Porygon2,default,515,85,80,90,105,95,60,normal,,#3D7DCA,
234,Stantler,Stantler,default,465,73,95,62,85,65,85,normal,,#3D7DCA,
235,Smeargle,Smeargle,default,250,55,20,35,20,45,75,normal,,#3D7DCA,
236,Tyrogue,Tyrogue,default,210,35,35,35,35,35,35,fighting,,#3D7DCA,
237,Hitmontop,Hitmontop,default,455,50,95,95,35,110,70,fighting,,#3D7DCA,
238,Smoochum,Smoochum,default,305,45,30,15,85,65,65,ice,psychic,#3D7DCA,
239,Elekid,Elekid,default,360,45,63,37,65,55,95,electric,,#3D7DCA,
240,Magby,Magby,default,365,45,75,37,70,55,83,fire,,#3D7DCA,
241,Miltank,Miltank,default,490,95,80,105,40,70,100,normal,,#3D7DCA,
242,Blissey,Blissey,default,540,255,10,10,75,135,55,normal,,#3D7DCA,
243,Raikou,Raikou,default,580,90,85,75,115,100,115,electric,,#3D7DCA,
244,Entei,Entei,default,580,115,115,85,90,75,100,fire,,#3D7DCA,
245,Suicune,Suicune,default,580,100,75,115,90,115,85,water,,#3D7DCA,
246,Larvitar,Larvitar,default,300,50,64,50,45,50,41,rock,ground,#3D7DCA,
247,Pupitar,Pupitar,default,410,70,84,70,65,70,51,rock,ground,#3D7DCA,
248,Mega Tyranitar,Tyranitar,Mega,700,100,164,150,95,120,71,rock,dark,green,Mega/Primal
248,Tyranitar,Tyranitar,default,600,100,134,110,95,100,61,rock,dark,#3D7DCA,
249,Lugia,Lugia,default,680,106,90,130,90,154,110,psychic,flying,#3D7DCA,
250,Ho-oh,Ho-oh,default,680,106,130,90,110,154,90,fire,flying,#3D7DCA,
251,Celebi,Celebi,default,600,100,100,100,100,100,100,psychic,grass,#3D7DCA,
252,Treecko,Treecko,default,310,40,45,35,65,55,70,grass,,#3D7DCA,
253,Grovyle,Grovyle,default,405,50,65,45,85,65,95,grass,,#3D7DCA,
254,Mega Sceptile,Sceptile,Mega,630,70,110,75,145,85,145,grass,dragon,green,Mega/Primal
254,Sceptile,Sceptile,default,530,70,85,65,105,85,120,grass,,#3D7DCA,
255,Torchic,Torchic,default,310,45,60,40,70,50,45,fire,,#3D7DCA,
256,Combusken,Combusken,default,405,60,85,60,85,60,55,fire,fighting,#3D7DCA,
257,Mega Blaziken,Blaziken,Mega,630,80,160,80,130,80,100,fire,fighting,green,Mega/Primal
257,Blaziken,Blaziken,default,530,80,120,70,110,70,80,fire,fighting,#3D7DCA,
258,Mudkip,Mudkip,default,310,50,70,50,50,50,40,water,,#3D7DCA,
259,Marshtomp,Marshtomp,default,405,70,85,70,60,70,50,water,ground,#3D7DCA,
260,Mega Swampert,Swampert,Mega,635,100,150,110,95,110,70,water,ground,green,Mega/Primal
260,Swampert,Swampert,default,535,100,110,90,85,90,60,water,ground,#3D7DCA,
261,Poochyena,Poochyena,default,220,35,55,35,30,30,35,dark,,#3D7DCA,
262,Mightyena,Mightyena,default,420,70,90,70,60,60,70,dark,,#3D7DCA,
263,Zigzagoon,Zigzagoon,Galarian,240,38,30,41,30,41,60,dark,normal,maroon,Regional Variant
263,Zigzagoon,Zigzagoon,default,240,38,30,41,30,41,60,normal,,#3D7DCA,
264,Linoone,Linoone,Galarian,420,78,70,61,50,61,100,dark,normal,maroon,Regional Variant
264,Linoone,Linoone,default,420,78,70,61,50,61,100,normal,,#3D7DCA,
265,Wurmple,Wurmple,default,195,45,45,35,20,30,20,bug,,#3D7DCA,
266,Silcoon,Silcoon,default,205,50,35,55,25,25,15,bug,,#3D7DCA,
267,Beautifly,Beautifly,default,395,60,70,50,100,50,65,bug,flying,#3D7DCA,
268,Cascoon,Cascoon,default,205,50,35,55,25,25,15,bug,,#3D7DCA,
269,Dustox,Dustox,default,385,60,50,70,50,90,65,bug,poison,#3D7DCA,
270,Lotad,Lotad,default,220,40,30,30,40,50,30,water,grass,#3D7DCA,
271,Lombre,Lombre,default,340,60,50,50,60,70,50,water,grass,#3D7DCA,
272,Ludicolo,Ludicolo,default,480,80,70,70,90,100,70,water,grass,#3D7DCA,
273,Seedot,Seedot,default,220,40,40,50,30,30,30,grass,,#3D7DCA,
274,Nuzleaf,Nuzleaf,default,340,70,70,40,60,40,60,grass,dark,#3D7DCA,
275,Shiftry,Shiftry,default,480,90,100,60,90,60,80,grass,dark,#3D7DCA,
276,Taillow,Taillow,default,270,40,55,30,30,30,85,normal,flying,#3D7DCA,
277,Swellow,Swellow,default,455,60,85,60,75,50,125,normal,flying,#3D7DCA,
278,Wingull,Wingull,default,270,40,30,30,55,30,85,water,flying,#3D7DCA,
279,Pelipper,Pelipper,default,440,60,50,100,95,70,65,water,flying,#3D7DCA,
280,Ralts,Ralts,default,198,28,25,25,45,35,40,psychic,fairy,#3D7DCA,
281,Kirlia,Kirlia,default,278,38,35,35,65,55,50,psychic,fairy,#3D7DCA,
282,Mega Gardevoir,Gardevoir,Mega,618,68,85,65,165,135,100,psychic,fairy,green,Mega/Primal
282,Gardevoir,Gardevoir,default,518,68,65,65,125,115,80,psychic,fairy,#3D7DCA,
283,Surskit,Surskit,default,269,40,30,32,50,52,65,bug,water,#3D7DCA,
284,Masquerain,Masquerain,default,454,70,60,62,100,82,80,bug,flying,#3D7DCA,
285,Shroomish,Shroomish,default,295,60,40,60,40,60,35,grass,,#3D7DCA,
286,Breloom,Breloom,default,460,60,130,80,60,60,70,grass,fighting,#3D7DCA,
287,Slakoth,Slakoth,default,280,60,60,60,35,35,30,normal,,#3D7DCA,
288,Vigoroth,Vigoroth,default,440,80,80,80,55,55,90,normal,,#3D7DCA,
289,Slaking,Slaking,default,670,150,160,100,95,65,100,normal,,#3D7DCA,
290,Nincada,Nincada,default,266,31,45,90,30,30,40,bug,ground,#3D7DCA,
291,Ninjask,Ninjask,default,456,61,90,45,50,50,160,bug,flying,#3D7DCA,
292,Shedinja,Shedinja,default,236,1,90,45,30,30,40,bug,ghost,#3D7DCA,
293,Whismur,Whismur,default,240,64,51,23,51,23,28,normal,,#3D7DCA,
294,Loudred,Loudred,default,360,84,71,43,71,43,48,normal,,#3D7DCA,
295,Exploud,Exploud,default,490,104,91,63,91,73,68,normal,,#3D7DCA,
296,Makuhita,Makuhita,default,237,72,60,30,20,30,25,fighting,,#3D7DCA,
297,Hariyama,Hariyama,default,474,144,120,60,40,60,50,fighting,,#3D7DCA,
298,Azurill,Azurill,default,190,50,20,40,20,40,20,normal,fairy,#3D7DCA,
299,Nosepass,Nosepass,default,375,30,45,135,45,90,30,rock,,#3D7DCA,
300,Skitty,Skitty,default,260,50,45,45,35,35,50,normal,,#3D7DCA,
301,Delcatty,Delcatty,default,400,70,65,65,55,55,90,normal,,#3D7DCA,
302,Mega Sableye,Sableye,Mega,480,50,85,125,85,115,20,dark,ghost,green,Mega/Primal
302,Sableye,Sableye,default,380,50,75,75,65,65,50,dark,ghost,#3D7DCA,
303,Mega Mawile,Mawile,Mega,480,50,105,125,55,95,50,steel,fairy,green,Mega/Primal
303,Mawile,Mawile,default,380,50,85,85,55,55,50,steel,fairy,#3D7DCA,
304,Aron,Aron,default,330,50,70,100,40,40,30,steel,rock,#3D7DCA,
305,Lairon,Lairon,default,430,60,90,140,50,50,40,steel,rock,#3D7DCA,
306,Mega Aggron,Aggron,Mega,630,70,140,230,60,80,50,steel,,green,Mega/Primal
306,Aggron,Aggron,default,530,70,110,180,60,60,50,steel,rock,#3D7DCA,
307,Meditite,Meditite,default,280,30,40,55,40,55,60,fighting,psychic,#3D7DCA,
308,Mega Medicham,Medicham,Mega,510,60,100,85,80,85,100,fighting,psychic,green,Mega/Primal
308,Medicham,Medicham,default,410,60,60,75,60,75,80,fighting,psychic,#3D7DCA,
309,Electrike,Electrike,default,295,40,45,40,65,40,65,electric,,#3D7DCA,
310,Mega Manectric,Manectric,Mega,575,70,75,80,135,80,135,electric,,green,Mega/Primal
310,Manectric,Manectric,default,475,70,75,60,105,60,105,electric,,#3D7DCA,
311,Plusle,Plusle,default,405,60,50,40,85,75,95,electric,,#3D7DCA,
312,Minun,Minun,default,405,60,40,50,75,85,95,electric,,#3D7DCA,
313,Volbeat,Volbeat,default,430,65,73,75,47,85,85,bug,,#3D7DCA,
314,Illumise,Illumise,default,430,65,47,75,73,85,85,bug,,#3D7DCA,
315,Roselia,Roselia,default,400,50,60,45,100,80,65,grass,poison,#3D7DCA,
316,Gulpin,Gulpin,default,302,70,43,53,43,53,40,poison,,#3D7DCA,
317,Swalot,Swalot,default,467,100,73,83,73,83,55,poison,,#3D7DCA,
318,Carvanha,Carvanha,default,305,45,90,20,65,20,65,water,dark,#3D7DCA,
319,Mega Sharpedo,Sharpedo,Mega,560,70,140,70,110,65,105,water,dark,green,Mega/Primal
319,Sharpedo,Sharpedo,default,460,70,120,40,95,40,95,water,dark,#3D7DCA,
320,Wailmer,Wailmer,default,400,130,70,35,70,35,60,water,,#3D7DCA,
321,Wailord,Wailord,default,500,170,90,45,90,45,60,water,,#3D7DCA,
322,Numel,Numel,default,305,60,60,40,65,45,35,fire,ground,#3D7DCA,
323,Mega Camerupt,Camerupt,Mega,560,70,120,100,145,105,20,fire,ground,green,Mega/Primal
323,Camerupt,Camerupt,default,460,70,100,70,105,75,40,fire,ground,#3D7DCA,
324,Torkoal,Torkoal,default,470,70,85,140,85,70,20,fire,,#3D7DCA,
325,Spoink,Spoink,default,330,60,25,35,70,80,60,psychic,,#3D7DCA,
326,Grumpig,Grumpig,default,470,80,45,65,90,110,80,psychic,,#3D7DCA,
327,Spinda,Spinda,default,360,60,60,60,60,60,60,normal,,#3D7DCA,
328,Trapinch,Trapinch,default,290,45,100,45,45,45,10,ground,,#3D7DCA,
329,Vibrava,Vibrava,default,340,50,70,50,50,50,70,ground,dragon,#3D7DCA,
330,Flygon,Flygon,default,520,80,100,80,80,80,100,ground,dragon,#3D7DCA,
331,Cacnea,Cacnea,default,335,50,85,40,85,40,35,grass,,#3D7DCA,
332,Cacturne,Cacturne,default,475,70,115,60,115,60,55,grass,dark,#3D7DCA,
333,Swablu,Swablu,default,310,45,40,60,40,75,50,normal,flying,#3D7DCA,
334,Mega Altaria,Altaria,Mega,590,75,110,110,110,105,80,dragon,fairy,green,Mega/Primal
334,Altaria,Altaria,default,490,75,70,90,70,105,80,dragon,flying,#3D7DCA,
335,Zangoose,Zangoose,default,458,73,115,60,60,60,90,normal,,#3D7DCA,
336,Seviper,Seviper,default,458,73,100,60,100,60,65,poison,,#3D7DCA,
337,Lunatone,Lunatone,default,460,90,55,65,95,85,70,rock,psychic,#3D7DCA,
338,Solrock,Solrock,default,460,90,95,85,55,65,70,rock,psychic,#3D7DCA,
339,Barboach,Barboach,default,288,50,48,43,46,41,60,water,ground,#3D7DCA,
340,Whiscash,Whiscash,default,468,110,78,73,76,71,60,water,ground,#3D7DCA,
341,Corphish,Corphish,default,308,43,80,65,50,35,35,water,,#3D7DCA,
342,Crawdaunt,Crawdaunt,default,468,63,120,85,90,55,55,water,dark,#3D7DCA,
343,Baltoy,Baltoy,default,300,40,40,55,40,70,55,ground,psychic,#3D7DCA,
344,Claydol,Claydol,default,500,60,70,105,70,120,75,ground,psychic,#3D7DCA,
345,Lileep,Lileep,default,355,66,41,77,61,87,23,rock,grass,#3D7DCA,
346,Cradily,Cradily,default,495,86,81,97,81,107,43,rock,grass,#3D7DCA,
347,Anorith,Anorith,default,355,45,95,50,40,50,75,rock,bug,#3D7DCA,
348,Armaldo,Armaldo,default,495,75,125,100,70,80,45,rock,bug,#3D7DCA,
349,Feebas,Feebas,default,200,20,15,20,10,55,80,water,,#3D7DCA,
350,Milotic,Milotic,default,540,95,60,79,100,125,81,water,,#3D7DCA,
351,Castform Sun,Castform,Sunny Form,420,70,70,70,70,70,70,fire,,#3D7DCA,
351,Castform Rain,Castform,Rainy Form,420,70,70,70,70,70,70,water,,#3D7DCA,
351,Castform Snow,Castform,Snowy Form,420,70,70,70,70,70,70,ice,,#3D7DCA,
351,Castform,Castform,default,420,70,70,70,70,70,70,normal,,#3D7DCA,
352,Kecleon,Kecleon,default,440,60,90,70,60,120,40,normal,,#3D7DCA,
353,Shuppet,Shuppet,default,295,44,75,35,63,33,45,ghost,,#3D7DCA,
354,Mega Banette,Banette,Mega,555,64,165,75,93,83,75,ghost,,green,Mega/Primal
354,Banette,Banette,default,455,64,115,65,83,63,65,ghost,,#3D7DCA,
355,Duskull,Duskull,default,295,20,40,90,30,90,25,ghost,,#3D7DCA,
356,Dusclops,Dusclops,default,455,40,70,130,60,130,25,ghost,,#3D7DCA,
357,Tropius,Tropius,default,460,99,68,83,72,87,51,grass,flying,#3D7DCA,
358,Chimecho,Chimecho,default,455,75,50,80,95,90,65,psychic,,#3D7DCA,
359,Mega Absol,Absol,Mega,565,65,150,60,115,60,115,dark,,green,Mega/Primal
359,Absol,Absol,default,465,65,130,60,75,60,75,dark,,#3D7DCA,
360,Wynaut,Wynaut,default,260,95,23,48,23,48,23,psychic,,#3D7DCA,
361,Snorunt,Snorunt,default,300,50,50,50,50,50,50,ice,,#3D7DCA,
362,Mega Glalie,Glalie,Mega,580,80,120,80,120,80,100,ice,,green,Mega/Primal
362,Glalie,Glalie,default,480,80,80,80,80,80,80,ice,,#3D7DCA,
363,Spheal,Spheal,default,290,70,40,50,55,50,25,ice,water,#3D7DCA,
364,Sealeo,Sealeo,default,410,90,60,70,75,70,45,ice,water,#3D7DCA,
365,Walrein,Walrein,default,530,110,80,90,95,90,65,ice,water,#3D7DCA,
366,Clamperl,Clamperl,default,345,35,64,85,74,55,32,water,,#3D7DCA,
367,Huntail,Huntail,default,485,55,104,105,94,75,52,water,,#3D7DCA,
368,Gorebyss,Gorebyss,default,485,55,84,105,114,75,52,water,,#3D7DCA,
369,Relicanth,Relicanth,default,485,100,90,130,45,65,55,water,,#3D7DCA,
370,Luvdisc,Luvdisc,default,330,43,30,55,40,65,97,water,,#3D7DCA,
371,Bagon,Bagon,default,300,45,75,60,40,30,50,dragon,,#3D7DCA,
372,Shelgon,Shelgon,default,420,65,95,100,60,50,50,dragon,,#3D7DCA,
373,Mega Salamence,Salamence,Mega,700,95,145,130,120,90,120,dragon,flying,green,Mega/Primal
373,Salamence,Salamence,default,600,95,135,80,110,80,100,dragon,flying,#3D7DCA,
374,Beldum,Beldum,default,300,40,55,80,35,60,30,steel,psychic,#3D7DCA,
375,Metang,Metang,default,420,60,75,100,55,80,50,steel,psychic,#3D7DCA,
376,Mega Metagross,Metagross,Mega,700,80,145,150,105,110,110,steel,psychic,green,Mega/Primal
376,Metagross,Metagross,default,600,80,135,130,95,90,70,steel,psychic,#3D7DCA,
377,Regirock,Regirock,default,580,80,100,200,50,100,50,rock,,#3D7DCA,
378,Regice,Regice,default,580,80,50,100,100,200,50,ice,,#3D7DCA,
379,Registeel,Registeel,default,580,80,75,150,75,150,50,steel,,#3D7DCA,
380,Mega Latias,Latias,Mega,700,80,100,120,140,150,110,dragon,psychic,green,Mega/Primal
380,Latias,Latias,default,600,80,80,90,110,130,110,dragon,psychic,#3D7DCA,
381,Mega Latios,Latios,Mega,700,80,130,100,160,120,110,dragon,psychic,green,Mega/Primal
381,Latios,Latios,default,600,80,90,80,130,110,110,dragon,psychic,#3D7DCA,
382,Primal Kyogre,Kyogre,Primal,770,100,150,90,180,160,90,water,,green,Mega/Primal
382,Kyogre,Kyogre,default,670,100,100,90,150,140,90,water,,#3D7DCA,
383,Primal Groudon,Groudon,Primal,770,100,180,160,150,90,90,ground,fire,green,Mega/Primal
383,Groudon,Groudon,default,670,100,150,140,100,90,90,ground,,#3D7DCA,
384,Mega Rayquaza,Rayquaza,Mega,780,105,180,100,180,100,115,dragon,flying,green,Mega/Primal
384,Rayquaza,Rayquaza,default,680,105,150,90,150,90,95,dragon,flying,#3D7DCA,
385,Jirachi,Jirachi,default,600,100,100,100,100,100,100,steel,psychic,#3D7DCA,
386,Deoxys Normal,Deoxys,Normal Forme,600,50,150,50,150,50,150,psychic,,#3D7DCA,
386,Deoxys Attack,Deoxys,Attack Forme,600,50,180,20,180,20,150,psychic,,#3D7DCA,
386,Deoxys Defence,Deoxys,Defense Forme,600,50,70,160,70,160,90,psychic,,#3D7DCA,
386,Deoxys Speed,Deoxys,Speed Forme,600,50,95,90,95,90,180,psychic,,#3D7DCA,
387,Turtwig,Turtwig,default,318,55,68,64,45,55,31,grass,,#3D7DCA,
388,Grotle,Grotle,default,405,75,89,85,55,65,36,grass,,#3D7DCA,
389,Torterra,Torterra,default,525,95,109,105,75,85,56,grass,ground,#3D7DCA,
390,Chimchar,Chimchar,default,309,44,58,44,58,44,61,fire,,#3D7DCA,
391,Monferno,Monferno,default,405,64,78,52,78,52,81,fire,fighting,#3D7DCA,
392,Infernape,Infernape,default,534,76,104,71,104,71,108,fire,fighting,#3D7DCA,
393,Piplup,Piplup,default,314,53,51,53,61,56,40,water,,#3D7DCA,
394,Prinplup,Prinplup,default,405,64,66,68,81,76,50,water,,#3D7DCA,
395,Empoleon,Empoleon,default,530,84,86,88,111,101,60,water,steel,#3D7DCA,
396,Starly,Starly,default,245,40,55,30,30,30,60,normal,flying,#3D7DCA,
397,Staravia,Staravia,default,340,55,75,50,40,40,80,normal,flying,#3D7DCA,
398,Staraptor,Staraptor,default,485,85,120,70,50,60,100,normal,flying,#3D7DCA,
399,Bidoof,Bidoof,default,250,59,45,40,35,40,31,normal,,#3D7DCA,
400,Bibarel,Bibarel,default,410,79,85,60,55,60,71,normal,water,#3D7DCA,
401,Kricketot,Kricketot,default,194,37,25,41,25,41,25,bug,,#3D7DCA,
402,Kricketune,Kricketune,default,384,77,85,51,55,51,65,bug,,#3D7DCA,
403,Shinx,Shinx,default,263,45,65,34,40,34,45,electric,,#3D7DCA,
404,Luxio,Luxio,default,363,60,85,49,60,49,60,electric,,#3D7DCA,
405,Luxray,Luxray,default,523,80,120,79,95,79,70,electric,,#3D7DCA,
406,Budew,Budew,default,280,40,30,35,50,70,55,grass,poison,#3D7DCA,
407,Roserade,Roserade,default,515,60,70,65,125,105,90,grass,poison,#3D7DCA,
408,Cranidos,Cranidos,default,350,67,125,40,30,30,58,rock,,#3D7DCA,
409,Rampardos,Rampardos,default,495,97,165,60,65,50,58,rock,,#3D7DCA,
410,Shieldon,Shieldon,default,350,30,42,118,42,88,30,rock,steel,#3D7DCA,
411,Bastiodon,Bastiodon,default,495,60,52,168,47,138,30,rock,steel,#3D7DCA,
412,Plant Cloak Burmy,Burmy,Plant Cloak,224,40,29,45,29,45,36,bug,,#3D7DCA,
412,Sandy Cloak Burmy,Burmy,Sandy Cloak,224,40,29,45,29,45,36,bug,,#3D7DCA,
412,Trash Cloak Burmy,Burmy,Trash Cloak,224,40,29,45,29,45,36,bug,,#3D7DCA,
413,Plant Cloak Wormadam,Wormadam,Plant Cloak,424,60,59,85,79,105,36,bug,grass,#3D7DCA,
413,Sandy Cloak Wormadam,Wormadam,Sandy Cloak,424,60,79,105,59,85,36,bug,ground,#3D7DCA,
413,Trash Cloak Wormadam,Wormadam,Trash Cloak,424,60,69,95,69,95,36,bug,steel,#3D7DCA,
414,Mothim,Mothim,default,424,70,94,50,94,50,66,bug,flying,#3D7DCA,
415,Combee,Combee,default,244,30,30,42,30,42,70,bug,flying,#3D7DCA,
416,Vespiquen,Vespiquen,default,474,70,80,102,80,102,40,bug,flying,#3D7DCA,
417,Pachirisu,Pachirisu,default,405,60,45,70,45,90,95,electric,,#3D7DCA,
418,Buizel,Buizel,default,330,55,65,35,60,30,85,water,,#3D7DCA,
419,Floatzel,Floatzel,default,495,85,105,55,85,50,115,water,,#3D7DCA,
420,Cherubi,Cherubi,default,275,45,35,45,62,53,35,grass,,#3D7DCA,
421,Cherrim,Cherrim,default,450,70,60,70,87,78,85,grass,,#3D7DCA,
422,Shellos,Shellos,default,325,76,48,48,57,62,34,water,,#3D7DCA,
423,Gastrodon,Gastrodon,default,475,111,83,68,92,82,39,water,ground,#3D7DCA,
424,Ambipom,Ambipom,default,482,75,100,66,60,66,115,normal,,#3D7DCA,
425,Drifloon,Drifloon,default,348,90,50,34,60,44,70,ghost,flying,#3D7DCA,
426,Drifblim,Drifblim,default,498,150,80,44,90,54,80,ghost,flying,#3D7DCA,
427,Buneary,Buneary,default,350,55,66,44,44,56,85,normal,,#3D7DCA,
428,Mega Lopunny,Lopunny,Mega,580,65,136,94,54,96,135,normal,fighting,green,Mega/Primal
428,Lopunny,Lopunny,default,480,65,76,84,54,96,105,normal,,#3D7DCA,
429,Mismagius,Mismagius,default,495,60,60,60,105,105,105,ghost,,#3D7DCA,
430,Honchkrow,Honchkrow,default,505,100,125,52,105,52,71,dark,flying,#3D7DCA,
431,Glameow,Glameow,default,310,49,55,42,42,37,85,normal,,#3D7DCA,
432,Purugly,Purugly,default,452,71,82,64,64,59,112,normal,,#3D7DCA,
433,Chingling,Chingling,default,285,45,30,50,65,50,45,psychic,,#3D7DCA,
434,Stunky,Stunky,default,329,63,63,47,41,41,74,poison,dark,#3D7DCA,
435,Skuntank,Skuntank,default,479,103,93,67,71,61,84,poison,dark,#3D7DCA,
436,Bronzor,Bronzor,default,300,57,24,86,24,86,23,steel,psychic,#3D7DCA,
437,Bronzong,Bronzong,default,500,67,89,116,79,116,33,steel,psychic,#3D7DCA,
438,Bonsly,Bonsly,default,290,50,80,95,10,45,10,rock,,#3D7DCA,
439,Mime Jr.,Mime Jr.,default,310,20,25,45,70,90,60,psychic,fairy,#3D7DCA,
440,Happiny,Happiny,default,220,100,5,5,15,65,30,normal,,#3D7DCA,
441,Chatot,Chatot,default,411,76,65,45,92,42,91,normal,flying,#3D7DCA,
442,Spiritomb,Spiritomb,default,485,50,92,108,92,108,35,ghost,dark,#3D7DCA,
443,Gible,Gible,default,300,58,70,45,40,45,42,dragon,ground,#3D7DCA,
444,Gabite,Gabite,default,410,68,90,65,50,55,82,dragon,ground,#3D7DCA,
445,Mega Garchomp,Garchomp,Mega,700,108,170,115,120,95,92,dragon,ground,green,Mega/Primal
445,Garchomp,Garchomp,default,600,108,130,95,80,85,102,dragon,ground,#3D7DCA,
446,Munchlax,Munchlax,default,390,135,85,40,40,85,5,normal,,#3D7DCA,
447,Riolu,Riolu,default,285,40,70,40,35,40,60,fighting,,#3D7DCA,
448,Mega Lucario,Lucario,Mega,625,70,145,88,140,70,112,fighting,steel,green,Mega/Primal
448,Lucario,Lucario,default,525,70,110,70,115,70,90,fighting,steel,#3D7DCA,
449,Hippopotas,Hippopotas,default,330,68,72,78,38,42,32,ground,,#3D7DCA,
450,Hippowdon,Hippowdon,default,525,108,112,118,68,72,47,ground,,#3D7DCA,
451,Skorupi,Skorupi,default,330,40,50,90,30,55,65,poison,bug,#3D7DCA,
452,Drapion,Drapion,default,500,70,90,110,60,75,95,poison,dark,#3D7DCA,
453,Croagunk,Croagunk,default,300,48,61,40,61,40,50,poison,fighting,#3D7DCA,
454,Toxicroak,Toxicroak,default,490,83,106,65,86,65,85,poison,fighting,#3D7DCA,
455,Carnivine,Carnivine,default,454,74,100,72,90,72,46,grass,,#3D7DCA,
456,Finneon,Finneon,default,330,49,49,56,49,61,66,water,,#3D7DCA,
457,Lumineon,Lumineon,default,460,69,69,76,69,86,91,water,,#3D7DCA,
458,Mantyke,Mantyke,default,345,45,20,50,60,120,50,water,flying,#3D7DCA,
459,Snover,Snover,default,334,60,62,50,62,60,40,grass,ice,#3D7DCA,
460,Mega Abomasnow,Abomasnow,Mega,594,90,132,105,132,105,30,grass,ice,green,Mega/Primal
460,Abomasnow,Abomasnow,default,494,90,92,75,92,85,60,grass,ice,#3D7DCA,
461,Weavile,Weavile,default,510,70,120,65,45,85,125,dark,ice,#3D7DCA,
462,Magnezone,Magnezone,default,535,70,70,115,130,90,60,electric,steel,#3D7DCA,
463,Lickilicky,Lickilicky,default,515,110,85,95,80,95,50,normal,,#3D7DCA,
464,Rhyperior,Rhyperior,default,535,115,140,130,55,55,40,ground,rock,#3D7DCA,
465,Tangrowth,Tangrowth,default,535,100,100,125,110,50,50,grass,,#3D7DCA,
466,Electivire,Electivire,default,540,75,123,67,95,85,95,electric,,#3D7DCA,
467,Magmortar,Magmortar,default,540,75,95,67,125,95,83,fire,,#3D7DCA,
468,Togekiss,Togekiss,default,545,85,50,95,120,115,80,fairy,flying,#3D7DCA,
469,Yanmega,Yanmega,default,515,86,76,86,116,56,95,bug,flying,#3D7DCA,
470,Leafeon,Leafeon,default,525,65,110,130,60,65,95,grass,,#3D7DCA,
471,Glaceon,Glaceon,default,525,65,60,110,130,95,65,ice,,#3D7DCA,
472,Gliscor,Gliscor,default,510,75,95,125,45,75,95,ground,flying,#3D7DCA,
473,Mamoswine,Mamoswine,default,530,110,130,80,70,60,80,ice,ground,#3D7DCA,
474,Porygon-Z,Porygon-Z,default,535,85,80,70,135,75,90,normal,,#3D7DCA,
475,Mega Gallade,Gallade,Mega,618,68,165,95,65,115,110,psychic,fighting,green,Mega/Primal
475,Gallade,Gallade,default,518,68,125,65,65,115,80,psychic,fighting,#3D7DCA,
476,Probopass,Probopass,default,525,60,55,145,75,150,40,rock,steel,#3D7DCA,
477,Dusknoir,Dusknoir,default,525,45,100,135,65,135,45,ghost,,#3D7DCA,
478,Froslass,Froslass,default,480,70,80,70,80,70,110,ice,ghost,#3D7DCA,
479,Rotom Heat,Rotom,Oven,520,50,65,107,105,107,86,electric,fire,#3D7DCA,
479,Rotom Wash,Rotom,Washing Machine,520,50,65,107,105,107,86,electric,water,#3D7DCA,
479,Rotom Frost,Rotom,Fridge,520,50,65,107,105,107,86,electric,ice,#3D7DCA,
479,Rotom Fan,Rotom,Fan,520,50,65,107,105,107,86,electric,flying,#3D7DCA,
479,Rotom Mow,Rotom,LawnMower,520,50,65,107,105,107,86,electric,grass,#3D7DCA,
479,Rotom,Rotom,default,440,50,50,77,95,77,91,electric,ghost,#3D7DCA,
480,Uxie,Uxie,default,580,75,75,130,75,130,95,psychic,,#3D7DCA,
481,Mesprit,Mesprit,default,580,80,105,105,105,105,80,psychic,,#3D7DCA,
482,Azelf,Azelf,default,580,75,125,70,125,70,115,psychic,,#3D7DCA,
483,Origin Form Dialga,Dialga,Origin Forme,680,100,100,120,150,120,90,steel,dragon,#3D7DCA,
483,Dialga,Dialga,default,680,100,120,120,150,100,90,steel,dragon,#3D7DCA,
484,Origin Form Palkia,Palkia,Origin Forme,680,90,100,100,150,120,120,water,dragon,#3D7DCA,
484,Palkia,Palkia,default,680,90,120,100,150,120,100,water,dragon,#3D7DCA,
485,Heatran,Heatran,default,600,91,90,106,130,106,77,fire,steel,#3D7DCA,
486,Regigigas,Regigigas,default,670,110,160,110,80,110,100,normal,,#3D7DCA,
487,Giratina,Giratina,default,680,150,100,120,100,120,90,ghost,dragon,#3D7DCA,
487,Origin Form Giratina,Giratina,Origin Forme,680,150,120,100,120,100,90,ghost,dragon,#3D7DCA,
488,Cresselia,Cresselia,default,580,120,70,110,75,120,85,psychic,,#3D7DCA,
489,Phione,Phione,default,480,80,80,80,80,80,80,water,,#3D7DCA,
490,Manaphy,Manaphy,default,600,100,100,100,100,100,100,water,,#3D7DCA,
491,Darkrai,Darkrai,default,600,70,90,90,135,90,125,dark,,#3D7DCA,
492,Shaymin Land,Shaymin,Land Forme,600,100,100,100,100,100,100,grass,,#3D7DCA,
492,Shaymin Sky,Shaymin,Sky Forme,600,100,103,75,120,75,127,grass,flying,#3D7DCA,
493,Arceus,Arceus,default,720,120,120,120,120,120,120,normal,,#3D7DCA,
494,Victini,Victini,default,600,100,100,100,100,100,100,psychic,fire,#3D7DCA,
495,Snivy,Snivy,default,308,45,45,55,45,55,63,grass,,#3D7DCA,
496,Servine,Servine,default,413,60,60,75,60,75,83,grass,,#3D7DCA,
497,Serperior,Serperior,default,528,75,75,95,75,95,113,grass,,#3D7DCA,
498,Tepig,Tepig,default,308,65,63,45,45,45,45,fire,,#3D7DCA,
499,Pignite,Pignite,default,418,90,93,55,70,55,55,fire,fighting,#3D7DCA,
500,Emboar,Emboar,default,528,110,123,65,100,65,65,fire,fighting,#3D7DCA,
501,Oshawott,Oshawott,default,308,55,55,45,63,45,45,water,,#3D7DCA,
502,Dewott,Dewott,default,413,75,75,60,83,60,60,water,,#3D7DCA,
503,Hisuian Samurott,Samurott,Hisuian,528,90,108,80,100,65,85,water,dark,maroon,Regional Variant
503,Samurott,Samurott,default,528,95,100,85,108,70,70,water,,#3D7DCA,
504,Patrat,Patrat,default,255,45,55,39,35,39,42,normal,,#3D7DCA,
505,Watchog,Watchog,default,420,60,85,69,60,69,77,normal,,#3D7DCA,
506,Lillipup,Lillipup,default,275,45,60,45,25,45,55,normal,,#3D7DCA,
507,Herdier,Herdier,default,370,65,80,65,35,65,60,normal,,#3D7DCA,
508,Stoutland,Stoutland,default,500,85,110,90,45,90,80,normal,,#3D7DCA,
509,Purrloin,Purrloin,default,281,41,50,37,50,37,66,dark,,#3D7DCA,
510,Liepard,Liepard,default,446,64,88,50,88,50,106,dark,,#3D7DCA,
511,Pansage,Pansage,default,316,50,53,48,53,48,64,grass,,#3D7DCA,
512,Simisage,Simisage,default,498,75,98,63,98,63,101,grass,,#3D7DCA,
513,Pansear,Pansear,default,316,50,53,48,53,48,64,fire,,#3D7DCA,
514,Simisear,Simisear,default,498,75,98,63,98,63,101,fire,,#3D7DCA,
515,Panpour,Panpour,default,316,50,53,48,53,48,64,water,,#3D7DCA,
516,Simipour,Simipour,default,498,75,98,63,98,63,101,water,,#3D7DCA,
517,Munna,Munna,default,292,76,25,45,67,55,24,psychic,,#3D7DCA,
518,Musharna,Musharna,default,487,116,55,85,107,95,29,psychic,,#3D7DCA,
519,Pidove,Pidove,default,264,50,55,50,36,30,43,normal,flying,#3D7DCA,
520,Tranquill,Tranquill,default,358,62,77,62,50,42,65,normal,flying,#3D7DCA,
521,Unfezant,Unfezant,default,488,80,115,80,65,55,93,normal,flying,#3D7DCA,
522,Blitzle,Blitzle,default,295,45,60,32,50,32,76,electric,,#3D7DCA,
523,Zebstrika,Zebstrika,default,497,75,100,63,80,63,116,electric,,#3D7DCA,
524,Roggenrola,Roggenrola,default,280,55,75,85,25,25,15,rock,,#3D7DCA,
525,Boldore,Boldore,default,390,70,105,105,50,40,20,rock,,#3D7DCA,
526,Gigalith,Gigalith,default,515,85,135,130,60,80,25,rock,,#3D7DCA,
527,Woobat,Woobat,default,323,65,45,43,55,43,72,psychic,flying,#3D7DCA,
528,Swoobat,Swoobat,default,425,67,57,55,77,55,114,psychic,flying,#3D7DCA,
529,Drilbur,Drilbur,default,328,60,85,40,30,45,68,ground,,#3D7DCA,
530,Excadrill,Excadrill,default,508,110,135,60,50,65,88,ground,steel,#3D7DCA,
531,Mega Audino,Audino,Mega,545,103,60,126,80,126,50,normal,fairy,green,Mega/Primal
531,Audino,Audino,default,445,103,60,86,60,86,50,normal,,#3D7DCA,
532,Timburr,Timburr,default,305,75,80,55,25,35,35,fighting,,#3D7DCA,
533,Gurdurr,Gurdurr,default,405,85,105,85,40,50,40,fighting,,#3D7DCA,
534,Conkeldurr,Conkeldurr,default,505,105,140,95,55,65,45,fighting,,#3D7DCA,
535,Tympole,Tympole,default,294,50,50,40,50,40,64,water,,#3D7DCA,
536,Palpitoad,Palpitoad,default,384,75,65,55,65,55,69,water,ground,#3D7DCA,
537,Seismitoad,Seismitoad,default,509,105,95,75,85,75,74,water,ground,#3D7DCA,
538,Throh,Throh,default,465,120,100,85,30,85,45,fighting,,#3D7DCA,
539,Sawk,Sawk,default,465,75,125,75,30,75,85,fighting,,#3D7DCA,
540,Sewaddle,Sewaddle,default,310,45,53,70,40,60,42,bug,grass,#3D7DCA,
541,Swadloon,Swadloon,default,380,55,63,90,50,80,42,bug,grass,#3D7DCA,
542,Leavanny,Leavanny,default,500,75,103,80,70,80,92,bug,grass,#3D7DCA,
543,Venipede,Venipede,default,260,30,45,59,30,39,57,bug,poison,#3D7DCA,
544,Whirlipede,Whirlipede,default,360,40,55,99,40,79,47,bug,poison,#3D7DCA,
545,Scolipede,Scolipede,default,485,60,100,89,55,69,112,bug,poison,#3D7DCA,
546,Cottonee,Cottonee,default,280,40,27,60,37,50,66,grass,fairy,#3D7DCA,
547,Whimsicott,Whimsicott,default,480,60,67,85,77,75,116,grass,fairy,#3D7DCA,
548,Petilil,Petilil,default,280,45,35,50,70,50,30,grass,,#3D7DCA,
549,Hisuian Lilligant,Lilligant,Hisuian,480,70,105,75,50,75,105,grass,fighting,maroon,Regional Variant
549,Lilligant,Lilligant,default,480,70,60,75,110,75,90,grass,,#3D7DCA,
550,Red-Striped Basculin,Basculin,Red-Striped Form,460,70,92,65,80,55,98,water,,#3D7DCA,
550,Blue-Striped Basculin,Basculin,Blue-Striped Form,460,70,92,65,80,55,98,water,,#3D7DCA,
550,White-Striped Basculin,Basculin,White-Striped Form,460,70,92,65,80,55,98,water,,#3D7DCA,
551,Sandile,Sandile,default,292,50,72,35,35,35,65,ground,dark,#3D7DCA,
552,Krokorok,Krokorok,default,351,60,82,45,45,45,74,ground,dark,#3D7DCA,
553,Krookodile,Krookodile,default,519,95,117,80,65,70,92,ground,dark,#3D7DCA,
554,Galarian Darumaka,Darumaka,Galarian,315,70,90,45,15,45,50,ice,,maroon,Regional Variant
554,Darumaka,Darumaka,default,315,70,90,45,15,45,50,fire,,#3D7DCA,
555,Darmanitan,Darmanitan,default,480,105,140,55,30,55,95,fire,,#3D7DCA,
555,Zen Mode Darmanitan,Darmanitan,Zen Mode,540,105,30,105,140,105,55,fire,psychic,#3D7DCA,
555,Galarian Darmanitan,Darmanitan,Galarian,480,105,140,55,30,55,95,ice,,maroon,Regional Variant
555,Galarian Zen Mode Darmanitan,Darmanitan,Galarian Zen Mode,540,105,160,55,30,55,135,ice,fire,#3D7DCA,
556,Maractus,Maractus,default,461,75,86,67,106,67,60,grass,,#3D7DCA,
557,Dwebble,Dwebble,default,325,50,65,85,35,35,55,bug,rock,#3D7DCA,
558,Crustle,Crustle,default,485,70,105,125,65,75,45,bug,rock,#3D7DCA,
559,Scraggy,Scraggy,default,348,50,75,70,35,70,48,dark,fighting,#3D7DCA,
560,Scrafty,Scrafty,default,488,65,90,115,45,115,58,dark,fighting,#3D7DCA,
561,Sigilyph,Sigilyph,default,490,72,58,80,103,80,97,psychic,flying,#3D7DCA,
562,Galarian Yamask,Yamask,Galarian,303,38,55,85,30,65,30,ground,ghost,maroon,Regional Variant
562,Yamask,Yamask,default,303,38,30,85,55,65,30,ghost,,#3D7DCA,
563,Cofagrigus,Cofagrigus,default,483,58,50,145,95,105,30,ghost,,#3D7DCA,
564,Tirtouga,Tirtouga,default,355,54,78,103,53,45,22,water,rock,#3D7DCA,
565,Carracosta,Carracosta,default,495,74,108,133,83,65,32,water,rock,#3D7DCA,
566,Archen,Archen,default,401,55,112,45,74,45,70,rock,flying,#3D7DCA,
567,Archeops,Archeops,default,567,75,140,65,112,65,110,rock,flying,#3D7DCA,
568,Trubbish,Trubbish,default,329,50,50,62,40,62,65,poison,,#3D7DCA,
569,Garbodor,Garbodor,default,474,80,95,82,60,82,75,poison,,#3D7DCA,
570,Hisuian Zorua,Zorua,Hisuian,330,35,60,40,85,40,70,normal,ghost,maroon,Regional Variant
570,Zorua,Zorua,default,330,40,65,40,80,40,65,dark,,#3D7DCA,
571,Hisuian Zoroark,Zoroark,Hisuian,510,55,100,60,125,60,110,normal,ghost,maroon,Regional Variant
571,Zoroark,Zoroark,default,510,60,105,60,120,60,105,dark,,#3D7DCA,
572,Minccino,Minccino,default,300,55,50,40,40,40,75,normal,,#3D7DCA,
573,Cinccino,Cinccino,default,470,75,95,60,65,60,115,normal,,#3D7DCA,
574,Gothita,Gothita,default,290,45,30,50,55,65,45,psychic,,#3D7DCA,
575,Gothorita,Gothorita,default,390,60,45,70,75,85,55,psychic,,#3D7DCA,
576,Gothitelle,Gothitelle,default,490,70,55,95,95,110,65,psychic,,#3D7DCA,
577,Solosis,Solosis,default,290,45,30,40,105,50,20,psychic,,#3D7DCA,
578,Duosion,Duosion,default,370,65,40,50,125,60,30,psychic,,#3D7DCA,
579,Reuniclus,Reuniclus,default,490,110,65,75,125,85,30,psychic,,#3D7DCA,
580,Ducklett,Ducklett,default,305,62,44,50,44,50,55,water,flying,#3D7DCA,
581,Swanna,Swanna,default,473,75,87,63,87,63,98,water,flying,#3D7DCA,
582,Vanillite,Vanillite,default,305,36,50,50,65,60,44,ice,,#3D7DCA,
583,Vanillish,Vanillish,default,395,51,65,65,80,75,59,ice,,#3D7DCA,
584,Vanilluxe,Vanilluxe,default,535,71,95,85,110,95,79,ice,,#3D7DCA,
585,Deerling,Deerling,default,335,60,60,50,40,50,75,normal,grass,#3D7DCA,
586,Sawsbuck,Sawsbuck,default,475,80,100,70,60,70,95,normal,grass,#3D7DCA,
587,Emolga,Emolga,default,428,55,75,60,75,60,103,electric,flying,#3D7DCA,
588,Karrablast,Karrablast,default,315,50,75,45,40,45,60,bug,,#3D7DCA,
589,Escavalier,Escavalier,default,495,70,135,105,60,105,20,bug,steel,#3D7DCA,
590,Foongus,Foongus,default,294,69,55,45,55,55,15,grass,poison,#3D7DCA,
591,Amoonguss,Amoonguss,default,464,114,85,70,85,80,30,grass,poison,#3D7DCA,
592,Frillish,Frillish,default,335,55,40,50,65,85,40,water,ghost,#3D7DCA,
593,Jellicent,Jellicent,default,480,100,60,70,85,105,60,water,ghost,#3D7DCA,
594,Alomomola,Alomomola,default,470,165,75,80,40,45,65,water,,#3D7DCA,
595,Joltik,Joltik,default,319,50,47,50,57,50,65,electric,bug,#3D7DCA,
596,Galvantula,Galvantula,default,472,70,77,60,97,60,108,electric,bug,#3D7DCA,
597,Ferroseed,Ferroseed,default,305,44,50,91,24,86,10,grass,steel,#3D7DCA,
598,Ferrothorn,Ferrothorn,default,489,74,94,131,54,116,20,grass,steel,#3D7DCA,
599,Klink,Klink,default,300,40,55,70,45,60,30,steel,,#3D7DCA,
600,Klang,Klang,default,440,60,80,95,70,85,50,steel,,#3D7DCA,
601,Klinklang,Klinklang,default,520,60,100,115,70,85,90,steel,,#3D7DCA,
602,Tynamo,Tynamo,default,275,35,55,40,45,40,60,electric,,#3D7DCA,
603,Eelektrik,Eelektrik,default,405,65,85,70,75,70,40,electric,,#3D7DCA,
604,Eelektross,Eelektross,default,515,85,115,80,105,80,50,electric,,#3D7DCA,
605,Elgyem,Elgyem,default,335,55,55,55,85,55,30,psychic,,#3D7DCA,
606,Beheeyem,Beheeyem,default,485,75,75,75,125,95,40,psychic,,#3D7DCA,
607,Litwick,Litwick,default,275,50,30,55,65,55,20,ghost,fire,#3D7DCA,
608,Lampent,Lampent,default,370,60,40,60,95,60,55,ghost,fire,#3D7DCA,
609,Chandelure,Chandelure,default,520,60,55,90,145,90,80,ghost,fire,#3D7DCA,
610,Axew,Axew,default,320,46,87,60,30,40,57,dragon,,#3D7DCA,
611,Fraxure,Fraxure,default,410,66,117,70,40,50,67,dragon,,#3D7DCA,
612,Haxorus,Haxorus,default,540,76,147,90,60,70,97,dragon,,#3D7DCA,
613,Cubchoo,Cubchoo,default,305,55,70,40,60,40,40,ice,,#3D7DCA,
614,Beartic,Beartic,default,505,95,130,80,70,80,50,ice,,#3D7DCA,
615,Cryogonal,Cryogonal,default,515,80,50,50,95,135,105,ice,,#3D7DCA,
616,Shelmet,Shelmet,default,305,50,40,85,40,65,25,bug,,#3D7DCA,
617,Accelgor,Accelgor,default,495,80,70,40,100,60,145,bug,,#3D7DCA,
618,Galarian Stunfisk,Stunfisk,Galarian,471,109,81,99,66,84,32,ground,steel,maroon,Regional Variant
618,Stunfisk,Stunfisk,default,471,109,66,84,81,99,32,ground,electric,#3D7DCA,
619,Mienfoo,Mienfoo,default,350,45,85,50,55,50,65,fighting,,#3D7DCA,
620,Mienshao,Mienshao,default,510,65,125,60,95,60,105,fighting,,#3D7DCA,
621,Druddigon,Druddigon,default,485,77,120,90,60,90,48,dragon,,#3D7DCA,
622,Golett,Golett,default,303,59,74,50,35,50,35,ground,ghost,#3D7DCA,
623,Golurk,Golurk,default,483,89,124,80,55,80,55,ground,ghost,#3D7DCA,
624,Pawniard,Pawniard,default,340,45,85,70,40,40,60,dark,steel,#3D7DCA,
625,Bisharp,Bisharp,default,490,65,125,100,60,70,70,dark,steel,#3D7DCA,
626,Bouffalant,Bouffalant,default,490,95,110,95,40,95,55,normal,,#3D7DCA,
627,Rufflet,Rufflet,default,350,70,83,50,37,50,60,normal,flying,#3D7DCA,
628,Hisuian Braviary,Braviary,Hisuian,510,110,83,70,112,70,65,psychic,flying,maroon,Regional Variant
628,Braviary,Braviary,default,510,100,123,75,57,75,80,normal,flying,#3D7DCA,
629,Vullaby,Vullaby,default,370,70,55,75,45,65,60,dark,flying,#3D7DCA,
630,Mandibuzz,Mandibuzz,default,510,110,65,105,55,95,80,dark,flying,#3D7DCA,
631,Heatmor,Heatmor,default,484,85,97,66,105,66,65,fire,,#3D7DCA,
632,Durant,Durant,default,484,58,109,112,48,48,109,bug,steel,#3D7DCA,
633,Deino,Deino,default,300,52,65,50,45,50,38,dark,dragon,#3D7DCA,
634,Zweilous,Zweilous,default,420,72,85,70,65,70,58,dark,dragon,#3D7DCA,
635,Hydreigon,Hydreigon,default,600,92,105,90,125,90,98,dark,dragon,#3D7DCA,
636,Larvesta,Larvesta,default,360,55,85,55,50,55,60,bug,fire,#3D7DCA,
637,Volcarona,Volcarona,default,550,85,60,65,135,105,100,bug,fire,#3D7DCA,
638,Cobalion,Cobalion,default,580,91,90,129,90,72,108,steel,fighting,#3D7DCA,
639,Terrakion,Terrakion,default,580,91,129,90,72,90,108,rock,fighting,#3D7DCA,
640,Virizion,Virizion,default,580,91,90,72,90,129,108,grass,fighting,#3D7DCA,
641,Tornadus Incarnate,Tornadus,Incarnate Forme,580,79,115,70,125,80,111,flying,,#3D7DCA,
641,Tornadus Therian,Tornadus,Therian Forme,580,79,100,80,110,90,121,flying,,#3D7DCA,
642,Thundurus Incarnate,Thundurus,Incarnate Forme,580,79,115,70,125,80,111,electric,flying,#3D7DCA,
642,Thundurus Therian,Thundurus,Therian Forme,580,79,105,70,145,80,101,electric,flying,#3D7DCA,
643,Reshiram,Reshiram,default,680,100,120,100,150,120,90,dragon,fire,#3D7DCA,
644,Zekrom,Zekrom,default,680,100,150,120,120,100,90,dragon,electric,#3D7DCA,
645,Landorus Incarnate,Landorus,Incarnate Forme,600,89,125,90,115,80,101,ground,flying,#3D7DCA,
645,Landorus Therian,Landorus,Therian Forme,600,89,145,90,105,80,91,ground,flying,#3D7DCA,
646,Kyurem White,Kyurem,White Kyurem,700,125,120,90,170,100,95,dragon,ice,#3D7DCA,
646,Kyurem Black,Kyurem,Black Kyurem,700,125,170,100,120,90,95,dragon,ice,#3D7DCA,
646,Kyurem,Kyurem,default,660,125,130,90,130,90,95,dragon,ice,#3D7DCA,
647,Keldeo,Keldeo,default,580,91,72,90,129,90,108,water,fighting,#3D7DCA,
647,Resolute Form Keldeo,Keldeo,Resolute Form,580,91,72,90,129,90,108,water,fighting,#3D7DCA,
648,Aria Forme Meloetta,Meloetta,Aria Forme,600,100,77,77,128,128,90,normal,psychic,#3D7DCA,
648,Pirouette Forme Meloetta,Meloetta,Pirouette Forme,600,100,128,90,77,77,128,normal,fighting,#3D7DCA,
649,Genesect,Genesect,default,600,71,120,95,120,95,99,bug,steel,#3D7DCA,
650,Chespin,Chespin,default,313,56,61,65,48,45,38,grass,,#3D7DCA,
651,Quilladin,Quilladin,default,405,61,78,95,56,58,57,grass,,#3D7DCA,
652,Chesnaught,Chesnaught,default,530,88,107,122,74,75,64,grass,fighting,#3D7DCA,
653,Fennekin,Fennekin,default,307,40,45,40,62,60,60,fire,,#3D7DCA,
654,Braixen,Braixen,default,409,59,59,58,90,70,73,fire,,#3D7DCA,
655,Delphox,Delphox,default,534,75,69,72,114,100,104,fire,psychic,#3D7DCA,
656,Froakie,Froakie,default,314,41,56,40,62,44,71,water,,#3D7DCA,
657,Frogadier,Frogadier,default,405,54,63,52,83,56,97,water,,#3D7DCA,
658,Ash-Greninja,Greninja,Ash-Greninja,640,72,145,67,153,71,132,water,dark,green,Inaccessible Ingame
658,Greninja,Greninja,default,530,72,95,67,103,71,122,water,dark,#3D7DCA,
659,Bunnelby,Bunnelby,default,237,38,36,38,32,36,57,normal,,#3D7DCA,
660,Diggersby,Diggersby,default,423,85,56,77,50,77,78,normal,ground,#3D7DCA,
661,Fletchling,Fletchling,default,278,45,50,43,40,38,62,normal,flying,#3D7DCA,
662,Fletchinder,Fletchinder,default,382,62,73,55,56,52,84,fire,flying,#3D7DCA,
663,Talonflame,Talonflame,default,499,78,81,71,74,69,126,fire,flying,#3D7DCA,
664,Scatterbug,Scatterbug,default,200,38,35,40,27,25,35,bug,,#3D7DCA,
665,Spewpa,Spewpa,default,213,45,22,60,27,30,29,bug,,#3D7DCA,
666,Vivillon,Vivillon,default,411,80,52,50,90,50,89,bug,flying,#3D7DCA,
667,Litleo,Litleo,default,369,62,50,58,73,54,72,fire,normal,#3D7DCA,
668,Pyroar,Pyroar,default,507,86,68,72,109,66,106,fire,normal,#3D7DCA,
669,Flabebe,Flabebe,default,303,44,38,39,61,79,42,fairy,,#3D7DCA,
670,Floette,Floette,default,371,54,45,47,75,98,52,fairy,,#3D7DCA,
671,Florges,Florges,default,552,78,65,68,112,154,75,fairy,,#3D7DCA,
672,Skiddo,Skiddo,default,350,66,65,48,62,57,52,grass,,#3D7DCA,
673,Gogoat,Gogoat,default,531,123,100,62,97,81,68,grass,,#3D7DCA,
674,Pancham,Pancham,default,348,67,82,62,46,48,43,fighting,,#3D7DCA,
675,Pangoro,Pangoro,default,495,95,124,78,69,71,58,fighting,dark,#3D7DCA,
676,Furfrou,Furfrou,default,472,75,80,60,65,90,102,normal,,#3D7DCA,
677,Espurr,Espurr,default,355,62,48,54,63,60,68,psychic,,#3D7DCA,
678,Male Meowstic,Meowstic,Male,466,74,48,76,83,81,104,psychic,,#3D7DCA,
678,Female Meowstic,Meowstic,Female,466,74,48,76,83,81,104,psychic,,#3D7DCA,
679,Honedge,Honedge,default,325,45,80,100,35,37,28,steel,ghost,#3D7DCA,
680,Doublade,Doublade,default,448,59,110,150,45,49,35,steel,ghost,#3D7DCA,
681,Aegislash Shield,Aegislash,Shield Forme,500,60,50,140,50,140,60,steel,ghost,#3D7DCA,
681,Aegislash Blade,Aegislash,Blade Forme,500,60,140,50,140,50,60,steel,ghost,#3D7DCA,
682,Spritzee,Spritzee,default,341,78,52,60,63,65,23,fairy,,#3D7DCA,
683,Aromatisse,Aromatisse,default,462,101,72,72,99,89,29,fairy,,#3D7DCA,
684,Swirlix,Swirlix,default,341,62,48,66,59,57,49,fairy,,#3D7DCA,
685,Slurpuff,Slurpuff,default,480,82,80,86,85,75,72,fairy,,#3D7DCA,
686,Inkay,Inkay,default,288,53,54,53,37,46,45,dark,psychic,#3D7DCA,
687,Malamar,Malamar,default,482,86,92,88,68,75,73,dark,psychic,#3D7DCA,
688,Binacle,Binacle,default,306,42,52,67,39,56,50,rock,water,#3D7DCA,
689,Barbaracle,Barbaracle,default,500,72,105,115,54,86,68,rock,water,#3D7DCA,
690,Skrelp,Skrelp,default,320,50,60,60,60,60,30,poison,water,#3D7DCA,
691,Dragalge,Dragalge,default,494,65,75,90,97,123,44,poison,dragon,#3D7DCA,
692,Clauncher,Clauncher,default,330,50,53,62,58,63,44,water,,#3D7DCA,
693,Clawitzer,Clawitzer,default,500,71,73,88,120,89,59,water,,#3D7DCA,
694,Helioptile,Helioptile,default,289,44,38,33,61,43,70,electric,normal,#3D7DCA,
695,Heliolisk,Heliolisk,default,481,62,55,52,109,94,109,electric,normal,#3D7DCA,
696,Tyrunt,Tyrunt,default,362,58,89,77,45,45,48,rock,dragon,#3D7DCA,
697,Tyrantrum,Tyrantrum,default,521,82,121,119,69,59,71,rock,dragon,#3D7DCA,
698,Amaura,Amaura,default,362,77,59,50,67,63,46,rock,ice,#3D7DCA,
699,Aurorus,Aurorus,default,521,123,77,72,99,92,58,rock,ice,#3D7DCA,
700,Sylveon,Sylveon,default,525,95,65,65,110,130,60,fairy,,#3D7DCA,
701,Hawlucha,Hawlucha,default,500,78,92,75,74,63,118,fighting,flying,#3D7DCA,
702,Dedenne,Dedenne,default,431,67,58,57,81,67,101,electric,fairy,#3D7DCA,
703,Carbink,Carbink,default,500,50,50,150,50,150,50,rock,fairy,#3D7DCA,
704,Goomy,Goomy,default,300,45,50,35,55,75,40,dragon,,#3D7DCA,
705,Hisuian Sliggoo,Sliggoo,Hisuian,452,58,75,83,83,113,40,steel,dragon,maroon,Regional Variant
705,Sliggoo,Sliggoo,default,452,68,75,53,83,113,60,dragon,,#3D7DCA,
706,Hisuian Goodra,Goodra,Hisuian,600,80,100,100,110,150,60,steel,dragon,maroon,Regional Variant
706,Goodra,Goodra,default,600,90,100,70,110,150,80,dragon,,#3D7DCA,
707,Klefki,Klefki,default,470,57,80,91,80,87,75,steel,fairy,#3D7DCA,
708,Phantump,Phantump,default,309,43,70,48,50,60,38,ghost,grass,#3D7DCA,
709,Trevenant,Trevenant,default,474,85,110,76,65,82,56,ghost,grass,#3D7DCA,
710,Pumpkaboo,Pumpkaboo,Average Size,335,49,66,70,44,55,51,ghost,grass,#3D7DCA,
710,Pumpkaboo Small,Pumpkaboo,Small Size,335,44,66,70,44,55,56,ghost,grass,#3D7DCA,
710,Pumpkaboo Large,Pumpkaboo,Large Size,335,54,66,70,44,55,46,ghost,grass,#3D7DCA,
710,Pumpkaboo Super,Pumpkaboo,Super Size,335,59,66,70,44,55,41,ghost,grass,#3D7DCA,
711,Gourgeist,Gourgeist,Average Size,494,65,90,122,58,75,84,ghost,grass,#3D7DCA,
711,Gourgeist Small,Gourgeist,Small Size,494,55,85,122,58,75,99,ghost,grass,#3D7DCA,
711,Gourgeist Large,Gourgeist,Large Size,494,75,95,122,58,75,69,ghost,grass,#3D7DCA,
711,Gourgeist Super,Gourgeist,Super Size,494,85,100,122,58,75,54,ghost,grass,#3D7DCA,
712,Bergmite,Bergmite,default,304,55,69,85,32,35,28,ice,,#3D7DCA,
713,Hisuian Avalugg,Avalugg,Hisuian,514,95,127,184,34,36,38,ice,rock,maroon,Regional Variant
713,Avalugg,Avalugg,default,514,95,117,184,44,46,28,ice,,#3D7DCA,
714,Noibat,Noibat,default,245,40,30,35,45,40,55,flying,dragon,#3D7DCA,
715,Noivern,Noivern,default,535,85,70,80,97,80,123,flying,dragon,#3D7DCA,
716,Xerneas,Xerneas,default,680,126,131,95,131,98,99,fairy,,#3D7DCA,
717,Yveltal,Yveltal,default,680,126,131,95,131,98,99,dark,flying,#3D7DCA,
718,Zygarde,Zygarde,default,600,108,100,121,81,95,95,dragon,ground,#3D7DCA,
718,10% Forme Zygarde,Zygarde,10% Forme,486,54,100,71,61,85,115,dragon,ground,#3D7DCA,
718,Complete Forme Zygarde,Zygarde,Complete Forme,708,216,100,121,91,95,85,dragon,ground,green,Inaccessible Ingame
719,Mega Diancie,Diancie,Mega,700,50,160,110,160,110,110,rock,fairy,green,Mega/Primal
719,Diancie,Diancie,default,600,50,100,150,100,150,50,rock,fairy,#3D7DCA,
720,Hoopa Confined,Hoopa,Hoopa Confined,600,80,110,60,150,130,70,psychic,ghost,#3D7DCA,
720,Hoopa Unbound,Hoopa,Hoopa Unbound,680,80,160,60,170,130,80,psychic,dark,#3D7DCA,
721,Volcanion,Volcanion,default,600,80,110,120,130,90,70,fire,water,#3D7DCA,
722,Rowlet,Rowlet,default,320,68,55,55,50,50,42,grass,flying,#3D7DCA,
723,Dartrix,Dartrix,default,420,78,75,75,70,70,52,grass,flying,#3D7DCA,
724,Hisuian Decidueye,Decidueye,Hisuian,530,88,112,80,95,95,60,grass,fighting,maroon,Regional Variant
724,Decidueye,Decidueye,default,530,78,107,75,100,100,70,grass,ghost,#3D7DCA,
725,Litten,Litten,default,320,45,65,40,60,40,70,fire,,#3D7DCA,
726,Torracat,Torracat,default,420,65,85,50,80,50,90,fire,,#3D7DCA,
727,Incineroar,Incineroar,default,530,95,115,90,80,90,60,fire,dark,#3D7DCA,
728,Popplio,Popplio,default,320,50,54,54,66,56,40,water,,#3D7DCA,
729,Brionne,Brionne,default,420,60,69,69,91,81,50,water,,#3D7DCA,
730,Primarina,Primarina,default,530,80,74,74,126,116,60,water,fairy,#3D7DCA,
731,Pikipek,Pikipek,default,265,35,75,30,30,30,65,normal,flying,#3D7DCA,
732,Trumbeak,Trumbeak,default,355,55,85,50,40,50,75,normal,flying,#3D7DCA,
733,Toucannon,Toucannon,default,485,80,120,75,75,75,60,normal,flying,#3D7DCA,
734,Yungoos,Yungoos,default,253,48,70,30,30,30,45,normal,,#3D7DCA,
735,Gumshoos,Gumshoos,default,418,88,110,60,55,60,45,normal,,#3D7DCA,
736,Grubbin,Grubbin,default,300,47,62,45,55,45,46,bug,,#3D7DCA,
737,Charjabug,Charjabug,default,400,57,82,95,55,75,36,bug,electric,#3D7DCA,
738,Vikavolt,Vikavolt,default,500,77,70,90,145,75,43,bug,electric,#3D7DCA,
739,Crabrawler,Crabrawler,default,338,47,82,57,42,47,63,fighting,,#3D7DCA,
740,Crabominable,Crabominable,default,478,97,132,77,62,67,43,fighting,ice,#3D7DCA,
741,Oricorio Fire,Oricorio,Baile Style,476,75,70,70,98,70,93,fire,flying,#3D7DCA,
741,Oricorio Electric,Oricorio,Pom-Pom Style,476,75,70,70,98,70,93,electric,flying,#3D7DCA,
741,Oricorio Psychic,Oricorio,Pa'u Style,476,75,70,70,98,70,93,psychic,flying,#3D7DCA,
741,Oricorio Ghost,Oricorio,Sensu Style,476,75,70,70,98,70,93,ghost,flying,#3D7DCA,
742,Cutiefly,Cutiefly,default,304,40,45,40,55,40,84,bug,fairy,#3D7DCA,
743,Ribombee,Ribombee,default,464,60,55,60,95,70,124,bug,fairy,#3D7DCA,
744,Own Tempo Rockruff,Rockruff,Own Tempo Rockruff,280,45,65,40,30,40,60,rock,,#3D7DCA,
744,Rockruff,Rockruff,default,280,45,65,40,30,40,60,rock,,#3D7DCA,
745,Lycanroc Midday Form,Lycanroc,Midday Form,487,75,115,65,55,65,112,rock,,#3D7DCA,
745,Lycanroc Midnight Form,Lycanroc,Midnight Form,487,85,115,75,55,75,82,rock,,#3D7DCA,
745,Lycanroc Dusk Form,Lycanroc,Dusk Form,487,75,117,65,55,65,110,rock,,#3D7DCA,
746,Wishiwashi,Wishiwashi,default,175,45,20,20,25,25,40,water,,#3D7DCA,
746,Wishiwashi School Form,Wishiwashi,School Form,620,45,140,130,140,135,30,water,,#3D7DCA,
747,Mareanie,Mareanie,default,305,50,53,62,43,52,45,poison,water,#3D7DCA,
748,Toxapex,Toxapex,default,495,50,63,152,53,142,35,poison,water,#3D7DCA,
749,Mudbray,Mudbray,default,385,70,100,70,45,55,45,ground,,#3D7DCA,
750,Mudsdale,Mudsdale,default,500,100,125,100,55,85,35,ground,,#3D7DCA,
751,Dewpider,Dewpider,default,269,38,40,52,40,72,27,water,bug,#3D7DCA,
752,Araquanid,Araquanid,default,454,68,70,92,50,132,42,water,bug,#3D7DCA,
753,Fomantis,Fomantis,default,250,40,55,35,50,35,35,grass,,#3D7DCA,
754,Lurantis,Lurantis,default,480,70,105,90,80,90,45,grass,,#3D7DCA,
755,Morelull,Morelull,default,285,40,35,55,65,75,15,grass,fairy,#3D7DCA,
756,Shiinotic,Shiinotic,default,405,60,45,80,90,100,30,grass,fairy,#3D7DCA,
757,Salandit,Salandit,default,320,48,44,40,71,40,77,poison,fire,#3D7DCA,
758,Salazzle,Salazzle,default,480,68,64,60,111,60,117,poison,fire,#3D7DCA,
759,Stufful,Stufful,default,340,70,75,50,45,50,50,normal,fighting,#3D7DCA,
760,Bewear,Bewear,default,500,120,125,80,55,60,60,normal,fighting,#3D7DCA,
761,Bounsweet,Bounsweet,default,210,42,30,38,30,38,32,grass,,#3D7DCA,
762,Steenee,Steenee,default,290,52,40,48,40,48,62,grass,,#3D7DCA,
763,Tsareena,Tsareena,default,510,72,120,98,50,98,72,grass,,#3D7DCA,
764,Comfey,Comfey,default,485,51,52,90,82,110,100,fairy,,#3D7DCA,
765,Oranguru,Oranguru,default,490,90,60,80,90,110,60,normal,psychic,#3D7DCA,
766,Passimian,Passimian,default,490,100,120,90,40,60,80,fighting,,#3D7DCA,
767,Wimpod,Wimpod,default,230,25,35,40,20,30,80,bug,water,#3D7DCA,
768,Golisopod,Golisopod,default,530,75,125,140,60,90,40,bug,water,#3D7DCA,
769,Sandygast,Sandygast,default,320,55,55,80,70,45,15,ghost,ground,#3D7DCA,
770,Palossand,Palossand,default,480,85,75,110,100,75,35,ghost,ground,#3D7DCA,
771,Pyukumuku,Pyukumuku,default,410,55,60,130,30,130,5,water,,#3D7DCA,
772,Type: Null,Type: Null,default,534,95,95,95,95,95,59,normal,,#3D7DCA,
773,Silvally,Silvally,default,570,95,95,95,95,95,95,normal,,#3D7DCA,
774,Meteor Form Minior,Minior,Meteor Form,440,60,60,100,60,100,60,rock,flying,#3D7DCA,
774,Core Form Minior,Minior,Core Form,500,60,100,60,100,60,120,rock,flying,#3D7DCA,
775,Komala,Komala,default,480,65,115,65,75,95,65,normal,,#3D7DCA,
776,Turtonator,Turtonator,default,485,60,78,135,91,85,36,fire,dragon,#3D7DCA,
777,Togedemaru,Togedemaru,default,435,65,98,63,40,73,96,electric,steel,#3D7DCA,
778,Mimikyu,Mimikyu,default,476,55,90,80,50,105,96,ghost,fairy,#3D7DCA,
779,Bruxish,Bruxish,default,475,68,105,70,70,70,92,water,psychic,#3D7DCA,
780,Drampa,Drampa,default,485,78,60,85,135,91,36,normal,dragon,#3D7DCA,
781,Dhelmise,Dhelmise,default,517,70,131,100,86,90,40,ghost,grass,#3D7DCA,
782,Jangmo-o,Jangmo-o,default,300,45,55,65,45,45,45,dragon,,#3D7DCA,
783,Hakamo-o,Hakamo-o,default,420,55,75,90,65,70,65,dragon,fighting,#3D7DCA,
784,Kommo-o,Kommo-o,default,600,75,110,125,100,105,85,dragon,fighting,#3D7DCA,
785,Tapu Koko,Tapu Koko,default,570,70,115,85,95,75,130,electric,fairy,#3D7DCA,
786,Tapu Lele,Tapu Lele,default,570,70,85,75,130,115,95,psychic,fairy,#3D7DCA,
787,Tapu Bulu,Tapu Bulu,default,570,70,130,115,85,95,75,grass,fairy,#3D7DCA,
788,Tapu Fini,Tapu Fini,default,570,70,75,115,95,130,85,water,fairy,#3D7DCA,
789,Cosmog,Cosmog,default,200,43,29,31,29,31,37,psychic,,#3D7DCA,
790,Cosmoem,Cosmoem,default,400,43,29,131,29,131,37,psychic,,#3D7DCA,
791,Solgaleo,Solgaleo,default,680,137,137,107,113,89,97,psychic,steel,#3D7DCA,
792,Lunala,Lunala,default,680,137,113,89,137,107,97,psychic,ghost,#3D7DCA,
793,Nihilego,Nihilego,default,570,109,53,47,127,131,103,rock,poison,#3D7DCA,
794,Buzzwole,Buzzwole,default,570,107,139,139,53,53,79,bug,fighting,#3D7DCA,
795,Pheromosa,Pheromosa,default,570,71,137,37,137,37,151,bug,fighting,#3D7DCA,
796,Xurkitree,Xurkitree,default,570,83,89,71,173,71,83,electric,,#3D7DCA,
797,Celesteela,Celesteela,default,570,97,101,103,107,101,61,steel,flying,#3D7DCA,
798,Kartana,Kartana,default,570,59,181,131,59,31,109,grass,steel,#3D7DCA,
799,Guzzlord,Guzzlord,default,570,223,101,53,97,53,43,dark,dragon,#3D7DCA,
800,Dusk Mane Necrozma,Necrozma,Dusk Mane Necrozma,680,97,157,127,113,109,77,psychic,steel,#3D7DCA,
800,Dawn Wings Necrozma,Necrozma,Dawn Wings Necrozma,680,97,113,109,157,127,77,psychic,ghost,#3D7DCA,
800,Ultra Necrozma,Necrozma,Ultra Necrozma,754,97,167,97,167,97,129,psychic,,green,Inaccessible Ingame
800,Necrozma,Necrozma,default,600,97,107,101,127,89,79,psychic,,#3D7DCA,
801,Magearna,Magearna,default,600,80,95,115,130,115,65,steel,fairy,#3D7DCA,
802,Marshadow,Marshadow,default,600,90,125,80,90,90,125,fighting,ghost,#3D7DCA,
803,Poipole,Poipole,default,420,67,73,67,73,67,73,poison,,#3D7DCA,
804,Naganadel,Naganadel,default,540,73,73,73,127,73,121,poison,dragon,#3D7DCA,
805,Stakataka,Stakataka,default,570,61,131,211,53,101,13,rock,steel,#3D7DCA,
806,Blacephalon,Blacephalon,default,570,53,127,53,151,79,107,fire,ghost,#3D7DCA,
807,Zeraora,Zeraora,default,600,88,112,75,102,80,143,electric,,#3D7DCA,
808,Meltan,Meltan,default,300,46,65,65,55,35,34,steel,,#3D7DCA,
809,Melmetal,Melmetal,default,600,135,143,143,80,65,34,steel,,#3D7DCA,
810,Grookey,Grookey,default,310,50,65,50,40,40,65,grass,,#3D7DCA,
811,Thwackey,Thwackey,default,420,70,85,70,55,60,80,grass,,#3D7DCA,
812,Rillaboom,Rillaboom,default,530,100,125,90,60,70,85,grass,,#3D7DCA,
813,Scorbunny,Scorbunny,default,310,50,71,40,40,40,69,fire,,#3D7DCA,
814,Raboot,Raboot,default,420,65,86,60,55,60,94,fire,,#3D7DCA,
815,Cinderace,Cinderace,default,530,80,116,75,65,75,119,fire,,#3D7DCA,
816,Sobble,Sobble,default,310,50,40,40,70,40,70,water,,#3D7DCA,
817,Drizzile,Drizzile,default,420,65,60,55,95,55,90,water,,#3D7DCA,
818,Inteleon,Inteleon,default,530,70,85,65,125,65,120,water,,#3D7DCA,
819,Skwovet,Skwovet,default,275,70,55,55,35,35,25,normal,,#3D7DCA,
820,Greedent,Greedent,default,460,120,95,95,55,75,20,normal,,#3D7DCA,
821,Rookidee,Rookidee,default,245,38,47,35,33,35,57,flying,,#3D7DCA,
822,Corvisquire,Corvisquire,default,365,68,67,55,43,55,77,flying,,#3D7DCA,
823,Corviknight,Corviknight,default,495,98,87,105,53,85,67,flying,steel,#3D7DCA,
824,Blipbug,Blipbug,default,180,25,20,20,25,45,45,bug,,#3D7DCA,
825,Dottler,Dottler,default,335,50,35,80,50,90,30,bug,psychic,#3D7DCA,
826,Orbeetle,Orbeetle,default,505,60,45,110,80,120,90,bug,psychic,#3D7DCA,
827,Nickit,Nickit,default,245,40,28,28,47,52,50,dark,,#3D7DCA,
828,Thievul,Thievul,default,455,70,58,58,87,92,90,dark,,#3D7DCA,
829,Gossifleur,Gossifleur,default,250,40,40,60,40,60,10,grass,,#3D7DCA,
830,Eldegoss,Eldegoss,default,460,60,50,90,80,120,60,grass,,#3D7DCA,
831,Wooloo,Wooloo,default,270,42,40,55,40,45,48,normal,,#3D7DCA,
832,Dubwool,Dubwool,default,490,72,80,100,60,90,88,normal,,#3D7DCA,
833,Chewtle,Chewtle,default,284,50,64,50,38,38,44,water,,#3D7DCA,
834,Drednaw,Drednaw,default,485,90,115,90,48,68,74,water,rock,#3D7DCA,
835,Yamper,Yamper,default,270,59,45,50,40,50,26,electric,,#3D7DCA,
836,Boltund,Boltund,default,490,69,90,60,90,60,121,electric,,#3D7DCA,
837,Rolycoly,Rolycoly,default,240,30,40,50,40,50,30,rock,,#3D7DCA,
838,Carkol,Carkol,default,410,80,60,90,60,70,50,rock,fire,#3D7DCA,
839,Coalossal,Coalossal,default,510,110,80,120,80,90,30,rock,fire,#3D7DCA,
840,Applin,Applin,default,260,40,40,80,40,40,20,grass,dragon,#3D7DCA,
841,Flapple,Flapple,default,485,70,110,80,95,60,70,grass,dragon,#3D7DCA,
842,Appletun,Appletun,default,485,110,85,80,100,80,30,grass,dragon,#3D7DCA,
843,Silicobra,Silicobra,default,315,52,57,75,35,50,46,ground,,#3D7DCA,
844,Sandaconda,Sandaconda,default,510,72,107,125,65,70,71,ground,,#3D7DCA,
845,Cramorant,Cramorant,default,475,70,85,55,85,95,85,flying,water,#3D7DCA,
846,Arrokuda,Arrokuda,default,280,41,63,40,40,30,66,water,,#3D7DCA,
847,Barraskewda,Barraskewda,default,490,61,123,60,60,50,136,water,,#3D7DCA,
848,Toxel,Toxel,default,242,40,38,35,54,35,40,electric,poison,#3D7DCA,
849,Toxtricity Amped,Toxtricity,Amped Form,502,75,98,70,114,70,75,electric,poison,#3D7DCA,
849,Toxtricity Low Key,Toxtricity,Low Key Form,502,75,98,70,114,70,75,electric,poison,#3D7DCA,
850,Sizzlipede,Sizzlipede,default,305,50,65,45,50,50,45,fire,bug,#3D7DCA,
851,Centiskorch,Centiskorch,default,525,100,115,65,90,90,65,fire,bug,#3D7DCA,
852,Clobbopus,Clobbopus,default,310,50,68,60,50,50,32,fighting,,#3D7DCA,
853,Grapploct,Grapploct,default,480,80,118,90,70,80,42,fighting,,#3D7DCA,
854,Sinistea,Sinistea,default,308,40,45,45,74,54,50,ghost,,#3D7DCA,
855,Polteageist,Polteageist,default,508,60,65,65,134,114,70,ghost,,#3D7DCA,
856,Hatenna,Hatenna,default,265,42,30,45,56,53,39,psychic,,#3D7DCA,
857,Hattrem,Hattrem,default,370,57,40,65,86,73,49,psychic,,#3D7DCA,
858,Hatterene,Hatterene,default,510,57,90,95,136,103,29,psychic,fairy,#3D7DCA,
859,Impidimp,Impidimp,default,265,45,45,30,55,40,50,dark,fairy,#3D7DCA,
860,Morgrem,Morgrem,default,370,65,60,45,75,55,70,dark,fairy,#3D7DCA,
861,Grimmsnarl,Grimmsnarl,default,510,95,120,65,95,75,60,dark,fairy,#3D7DCA,
862,Obstagoon,Obstagoon,default,520,93,90,101,60,81,95,dark,normal,#3D7DCA,
863,Perrserker,Perrserker,default,440,70,110,100,50,60,50,steel,,#3D7DCA,
864,Cursola,Cursola,default,510,60,95,50,145,130,30,ghost,,#3D7DCA,
865,Sirfetch'd,Sirfetch'd,default,507,62,135,95,68,82,65,fighting,,#3D7DCA,
866,Mr. Rime,Mr. Rime,default,520,80,85,75,110,100,70,ice,psychic,#3D7DCA,
867,Runerigus,Runerigus,default,483,58,95,145,50,105,30,ground,ghost,#3D7DCA,
868,Milcery,Milcery,default,270,45,40,40,50,61,34,fairy,,#3D7DCA,
869,Alcremie,Alcremie,default,495,65,60,75,110,121,64,fairy,,#3D7DCA,
870,Falinks,Falinks,default,470,65,100,100,70,60,75,fighting,,#3D7DCA,
871,Pincurchin,Pincurchin,default,435,48,101,95,91,85,15,electric,,#3D7DCA,
872,Snom,Snom,default,185,30,25,35,45,30,20,ice,bug,#3D7DCA,
873,Frosmoth,Frosmoth,default,475,70,65,60,125,90,65,ice,bug,#3D7DCA,
874,Stonjourner,Stonjourner,default,470,100,125,135,20,20,70,rock,,#3D7DCA,
875,Eiscue Ice Face,Eiscue,Ice Face,470,75,80,110,65,90,50,ice,,#3D7DCA,
875,Eiscue Noice Face,Eiscue,Noice Face,470,75,80,70,65,50,130,ice,,#3D7DCA,
876,Indeedee Male,Indeedee,Male,475,60,65,55,105,95,95,psychic,normal,#3D7DCA,
876,Indeedee Female,Indeedee,Female,475,70,55,65,95,105,85,psychic,normal,#3D7DCA,
877,Morpeko Electric,Morpeko,Full Belly Mode,436,58,95,58,70,58,97,electric,dark,#3D7DCA,
877,Morpeko Dark,Morpeko,Hangry Mode,436,58,95,58,70,58,97,electric,dark,#3D7DCA,
878,Cufant,Cufant,default,330,72,80,49,40,49,40,steel,,#3D7DCA,
879,Copperajah,Copperajah,default,500,122,130,69,80,69,30,steel,,#3D7DCA,
880,Dracozolt,Dracozolt,default,505,90,100,90,80,70,75,electric,dragon,#3D7DCA,
881,Arctozolt,Arctozolt,default,505,90,100,90,90,80,55,electric,ice,#3D7DCA,
882,Dracovish,Dracovish,default,505,90,90,100,70,80,75,water,dragon,#3D7DCA,
883,Arctovish,Arctovish,default,505,90,90,100,80,90,55,water,ice,#3D7DCA,
884,Duraludon,Duraludon,default,535,70,95,115,120,50,85,steel,dragon,#3D7DCA,
885,Dreepy,Dreepy,default,270,28,60,30,40,30,82,dragon,ghost,#3D7DCA,
886,Drakloak,Drakloak,default,410,68,80,50,60,50,102,dragon,ghost,#3D7DCA,
887,Dragapult,Dragapult,default,600,88,120,75,100,75,142,dragon,ghost,#3D7DCA,
888,Zacian,Zacian,default,660,92,120,115,80,115,138,fairy,,#3D7DCA,
888,Crowned Sword Zacian,Zacian,Crowned Sword,700,92,150,115,80,115,148,fairy,steel,#3D7DCA,
889,Zamazenta,Zamazenta,default,660,92,120,115,80,115,138,fighting,,#3D7DCA,
889,Crowned Shield Zamazenta,Zamazenta,Crowned Shield,700,92,120,140,80,140,128,fighting,steel,#3D7DCA,
890,Eternamax Eternatus,Eternatus,Eternamax,1125,255,115,250,125,250,130,poison,dragon,green,Inaccessible Ingame
890,Eternatus,Eternatus,default,690,140,85,95,145,95,130,poison,dragon,#3D7DCA,
891,Kubfu,Kubfu,default,385,60,90,60,53,50,72,fighting,,#3D7DCA,
892,Urshifu,Urshifu,Single Strike Style,550,100,130,100,63,60,97,fighting,dark,#3D7DCA,
892,Urshifu,Urshifu,Rapid Strike Style,550,100,130,100,63,60,97,fighting,water,#3D7DCA,
893,Zarude,Zarude,default,600,105,120,105,70,95,105,dark,grass,#3D7DCA,
894,Regieleki,Regieleki,default,580,80,100,50,100,50,200,electric,,#3D7DCA,
895,Regidrago,Regidrago,default,580,200,100,50,100,50,80,dragon,,#3D7DCA,
896,Glastrier,Glastrier,default,580,100,145,130,65,110,30,ice,,#3D7DCA,
897,Spectrier,Spectrier,default,580,100,65,60,145,80,130,ghost,,#3D7DCA,
898,Ice Rider Calyrex,Calyrex,Ice Rider,680,100,165,150,85,130,50,psychic,ice,#3D7DCA,
898,Shadow Rider Calyrex,Calyrex,Shadow Rider,680,100,85,80,165,100,150,psychic,ghost,#3D7DCA,
898,Calyrex,Calyrex,default,500,100,80,80,80,80,80,psychic,grass,#3D7DCA,
899,Wyrdeer,Wyrdeer,default,525,103,105,72,105,75,65,normal,psychic,#3D7DCA,
900,Kleavor,Kleavor,default,500,70,135,95,45,70,85,bug,rock,#3D7DCA,
901,Ursaluna,Ursaluna,default,550,130,140,105,45,80,50,ground,normal,#3D7DCA,
902,Basculegion Male,Basculegion,Male,530,120,112,65,80,75,78,water,ghost,#3D7DCA,
902,Basculegion Female,Basculegion,Female,530,120,92,65,100,75,78,water,ghost,#3D7DCA,
903,Sneasler,Sneasler,default,510,80,130,60,40,80,120,fighting,poison,#3D7DCA,
904,Overqwil,Overqwil,default,510,85,115,95,65,65,85,dark,poison,#3D7DCA,
905,Enamorus Incarnate,Enamorus,Incarnate Forme,580,74,115,70,135,80,106,fairy,flying,#3D7DCA,
905,Enamorus Therian,Enamorus,Therian Forme,580,74,115,110,135,100,46,fairy,flying,#3D7DCA,
906,Sprigatito,Sprigatito,default,310,40,61,54,45,45,65,grass,,#3D7DCA,
907,Floragato,Floragato,default,410,61,80,63,60,63,83,grass,,#3D7DCA,
908,Meowscarada,Meowscarada,default,530,76,110,70,81,70,123,grass,dark,#3D7DCA,
909,Fuecoco,Fuecoco,default,310,67,45,59,63,40,36,fire,,#3D7DCA,
910,Crocalor,Crocalor,default,411,81,55,78,90,58,49,fire,,#3D7DCA,
911,Skeledirge,Skeledirge,default,530,104,75,100,110,75,66,fire,ghost,#3D7DCA,
912,Quaxly,Quaxly,default,310,55,65,45,50,45,50,water,,#3D7DCA,
913,Quaxwell,Quaxwell,default,410,70,85,65,65,60,65,water,,#3D7DCA,
914,Quaquaval,Quaquaval,default,530,85,120,80,85,75,85,water,fighting,#3D7DCA,
915,Lechonk,Lechonk,default,254,54,45,40,35,45,35,normal,,#3D7DCA,
916,Oinkologne Male,Oinkologne,Male,489,110,100,75,59,80,65,normal,,#3D7DCA,
916,Oinkologne Female,Oinkologne,Female,489,115,90,70,59,90,65,normal,,#3D7DCA,
917,Tarountula,Tarountula,default,210,35,41,45,29,40,20,bug,,#3D7DCA,
918,Spidops,Spidops,default,404,60,79,92,52,86,35,bug,,#3D7DCA,
919,Nymble,Nymble,default,210,33,46,40,21,25,45,bug,,#3D7DCA,
920,Lokix,Lokix,default,450,71,102,78,52,55,92,bug,dark,#3D7DCA,
921,Pawmi,Pawmi,default,240,45,50,20,40,25,60,electric,,#3D7DCA,
922,Pawmo,Pawmo,default,350,60,75,40,50,40,85,electric,fighting,#3D7DCA,
923,Pawmot,Pawmot,default,490,70,115,70,70,60,105,electric,fighting,#3D7DCA,
924,Tandemaus,Tandemaus,default,305,50,50,45,40,45,75,normal,,#3D7DCA,
925,Family of Four Maushold,Maushold,Family of Four,470,74,75,70,65,75,111,normal,,#3D7DCA,
925,Family of Three Maushold,Maushold,Family of Three,470,74,75,70,65,75,111,normal,,#3D7DCA,
926,Fidough,Fidough,default,312,37,55,70,30,55,65,fairy,,#3D7DCA,
927,Dachsbun,Dachsbun,default,477,57,80,115,50,80,95,fairy,,#3D7DCA,
928,Smoliv,Smoliv,default,260,41,35,45,58,51,30,grass,normal,#3D7DCA,
929,Dolliv,Dolliv,default,354,52,53,60,78,78,33,grass,normal,#3D7DCA,
930,Arboliva,Arboliva,default,510,78,69,90,125,109,39,grass,normal,#3D7DCA,
931,Green Plumage Squawkabilly,Squawkabilly,Green Plumage,417,82,96,51,45,51,92,normal,flying,#3D7DCA,
931,Blue Plumage Squawkabilly,Squawkabilly,Blue Plumage,417,82,96,51,45,51,92,normal,flying,#3D7DCA,
931,Yellow Plumage Squawkabilly,Squawkabilly,Yellow Plumage,417,82,96,51,45,51,92,normal,flying,#3D7DCA,
931,White Plumage Squawkabilly,Squawkabilly,White Plumage,417,82,96,51,45,51,92,normal,flying,#3D7DCA,
932,Nacli,Nacli,default,280,55,55,75,35,35,25,rock,,#3D7DCA,
933,Naclstack,Naclstack,default,355,60,60,100,35,65,35,rock,,#3D7DCA,
934,Garganacl,Garganacl,default,500,100,100,130,45,90,35,rock,,#3D7DCA,
935,Charcadet,Charcadet,default,255,40,50,40,50,40,35,fire,,#3D7DCA,
936,Armarouge,Armarouge,default,525,85,60,100,125,80,75,fire,psychic,#3D7DCA,
937,Ceruledge,Ceruledge,default,525,75,125,80,60,100,85,fire,ghost,#3D7DCA,
938,Tadbulb,Tadbulb,default,272,61,31,41,59,35,45,electric,,#3D7DCA,
939,Bellibolt,Bellibolt,default,495,109,64,91,103,83,45,electric,,#3D7DCA,
940,Wattrel,Wattrel,default,280,40,40,35,55,40,70,electric,flying,#3D7DCA,
941,Kilowattrel,Kilowattrel,default,490,70,70,60,105,60,125,electric,flying,#3D7DCA,
942,Maschiff,Maschiff,default,340,60,78,60,40,51,51,dark,,#3D7DCA,
943,Mabosstiff,Mabosstiff,default,505,80,120,90,60,70,85,dark,,#3D7DCA,
944,Shroodle,Shroodle,default,290,40,65,35,40,35,75,poison,normal,#3D7DCA,
945,Grafaiai,Grafaiai,default,485,63,95,65,80,72,110,poison,normal,#3D7DCA,
946,Bramblin,Bramblin,default,275,40,65,30,45,35,60,grass,ghost,#3D7DCA,
947,Brambleghast,Brambleghast,default,480,55,115,70,80,70,90,grass,ghost,#3D7DCA,
948,Toedscool,Toedscool,default,335,40,40,35,50,100,70,ground,grass,#3D7DCA,
949,Toedscruel,Toedscruel,default,515,80,70,65,80,120,100,ground,grass,#3D7DCA,
950,Klawf,Klawf,default,450,70,100,115,35,55,75,rock,,#3D7DCA,
951,Capsakid,Capsakid,default,304,50,62,40,62,40,50,grass,,#3D7DCA,
952,Scovillain,Scovillain,default,486,65,108,65,108,65,75,grass,fire,#3D7DCA,
953,Rellor,Rellor,default,270,41,50,60,31,58,30,bug,,#3D7DCA,
954,Rabsca,Rabsca,default,470,75,50,85,115,100,45,bug,psychic,#3D7DCA,
955,Flittle,Flittle,default,255,30,35,30,55,30,75,psychic,,#3D7DCA,
956,Espathra,Espathra,default,481,95,60,60,101,60,105,psychic,,#3D7DCA,
957,Tinkatink,Tinkatink,default,297,50,45,45,35,64,58,fairy,steel,#3D7DCA,
958,Tinkatuff,Tinkatuff,default,380,65,55,55,45,82,78,fairy,steel,#3D7DCA,
959,Tinkaton,Tinkaton,default,506,85,75,77,70,105,94,fairy,steel,#3D7DCA,
960,Wiglett,Wiglett,default,245,10,55,25,35,25,95,water,,#3D7DCA,
961,Wugtrio,Wugtrio,default,425,35,100,50,50,70,120,water,,#3D7DCA,
962,Bombirdier,Bombirdier,default,485,70,103,85,60,85,82,flying,dark,#3D7DCA,
963,Finizen,Finizen,default,315,70,45,40,45,40,75,water,,#3D7DCA,
964,Palafin,Palafin,default,457,100,70,72,53,62,100,water,,#3D7DCA,
964,Hero Form Palafin,Palafin,Hero Form,650,100,160,97,106,87,100,water,,#3D7DCA,
965,Varoom,Varoom,default,300,45,70,63,30,45,47,steel,poison,#3D7DCA,
966,Revavroom,Revavroom,default,500,80,119,90,54,67,90,steel,poison,#3D7DCA,
967,Cyclizar,Cyclizar,default,501,70,95,65,85,65,121,dragon,normal,#3D7DCA,
968,Orthworm,Orthworm,default,480,70,85,145,60,55,65,steel,,#3D7DCA,
969,Glimmet,Glimmet,default,350,48,35,42,105,60,60,rock,poison,#3D7DCA,
970,Glimmora,Glimmora,default,525,83,55,90,130,81,86,rock,poison,#3D7DCA,
971,Greavard,Greavard,default,290,50,61,60,30,55,34,ghost,,#3D7DCA,
972,Houndstone,Houndstone,default,488,72,101,100,50,97,68,ghost,,#3D7DCA,
973,Flamigo,Flamigo,default,500,82,115,74,75,64,90,flying,fighting,#3D7DCA,
974,Cetoddle,Cetoddle,default,334,108,68,45,30,40,43,ice,,#3D7DCA,
975,Cetitan,Cetitan,default,521,170,113,65,45,55,73,ice,,#3D7DCA,
976,Veluza,Veluza,default,478,90,102,73,78,65,70,water,psychic,#3D7DCA,
977,Dondozo,Dondozo,default,530,150,100,115,65,65,35,water,,#3D7DCA,
978,Tatsugiri,Tatsugiri,Curly Form,475,68,50,60,120,95,82,water,dragon,#3D7DCA,
978,Tatsugiri,Tatsugiri,Droopy Form,475,68,50,60,120,95,82,water,dragon,#3D7DCA,
978,Tatsugiri,Tatsugiri,Stretchy Form,475,68,50,60,120,95,82,water,dragon,#3D7DCA,
979,Annihilape,Annihilape,default,535,110,115,80,50,90,90,fighting,ghost,#3D7DCA,
980,Clodsire,Clodsire,default,430,130,75,60,45,100,20,poison,ground,#3D7DCA,
981,Farigiraf,Farigiraf,default,520,120,90,70,110,70,60,normal,psychic,#3D7DCA,
982,Dudunsparce,Dudunsparce,Two-Segment Form,520,125,100,80,85,75,55,normal,,#3D7DCA,
982,Dudunsparce,Dudunsparce,Three-Segment Form,520,125,100,80,85,75,55,normal,,#3D7DCA,
983,Kingambit,Kingambit,default,550,100,135,120,60,85,50,dark,steel,#3D7DCA,
984,Great Tusk,Great Tusk,default,570,115,131,131,53,53,87,ground,fighting,#3D7DCA,
985,Scream Tail,Scream Tail,default,570,115,65,99,65,115,111,fairy,psychic,#3D7DCA,
986,Brute Bonnet,Brute Bonnet,default,570,111,127,99,79,99,55,grass,dark,#3D7DCA,
987,Flutter Mane,Flutter Mane,default,570,55,55,55,135,135,135,ghost,fairy,#3D7DCA,
988,Slither Wing,Slither Wing,default,570,85,135,79,85,105,81,bug,fighting,#3D7DCA,
989,Sandy Shocks,Sandy Shocks,default,570,85,81,97,121,85,101,electric,ground,#3D7DCA,
990,Iron Treads,Iron Treads,default,570,90,112,120,72,70,106,ground,steel,#3D7DCA,
991,Iron Bundle,Iron Bundle,default,570,56,80,114,124,60,136,ice,water,#3D7DCA,
992,Iron Hands,Iron Hands,default,570,154,140,108,50,68,50,fighting,electric,#3D7DCA,
993,Iron Jugulis,Iron Jugulis,default,570,94,80,86,122,80,108,dark,flying,#3D7DCA,
994,Iron Moth,Iron Moth,default,570,80,70,60,140,110,110,fire,poison,#3D7DCA,
995,Iron Thorns,Iron Thorns,default,570,100,134,110,70,84,72,rock,electric,#3D7DCA,
996,Frigibax,Frigibax,default,320,65,75,45,35,45,55,dragon,ice,#3D7DCA,
997,Arctibax,Arctibax,default,423,90,95,66,45,65,62,dragon,ice,#3D7DCA,
998,Baxcalibur,Baxcalibur,default,600,115,145,92,75,86,87,dragon,ice,#3D7DCA,
999,Gimmighoul,Gimmighoul,Chest Form,300,45,30,70,75,70,10,ghost,,#3D7DCA,
999,Gimmighoul,Gimmighoul,Roaming Form,300,45,30,25,75,45,80,ghost,,#3D7DCA,
1000,Gholdengo,Gholdengo,default,550,87,60,95,133,91,84,steel,ghost,#3D7DCA,
1001,Wo-Chien,Wo-Chien,default,570,85,85,100,95,135,70,dark,grass,#3D7DCA,
1002,Chien-Pao,Chien-Pao,default,570,80,120,80,90,65,135,dark,ice,#3D7DCA,
1003,Ting-Lu,Ting-Lu,default,570,155,110,125,55,80,45,dark,ground,#3D7DCA,
1004,Chi-Yu,Chi-Yu,default,570,55,80,80,135,120,100,dark,fire,#3D7DCA,
1005,Roaring Moon,Roaring Moon,default,590,105,139,71,55,101,119,dragon,dark,#3D7DCA,
1006,Iron Valiant,Iron Valiant,default,590,74,130,90,120,60,116,fairy,fighting,#3D7DCA,
1007,Koraidon,Koraidon,default,670,100,135,115,85,100,135,fighting,dragon,#3D7DCA,
1008,Miraidon,Miraidon,default,670,100,85,100,135,115,135,electric,dragon,#3D7DCA,
1009,Walking Wake,Walking Wake,default,590,99,83,91,125,83,109,water,dragon,#3D7DCA,
1010,Iron Leaves,Iron Leaves,default,590,90,130,88,70,108,104,grass,psychic,#3D7DCA,
1011,Dipplin,Dipplin,default,485,80,80,110,95,80,40,grass,dragon,#3D7DCA,
1012,Poltchageist,Poltchageist,default,308,40,45,45,74,54,50,grass,ghost,#3D7DCA,
1013,Sinistcha,Sinistcha,default,508,71,60,106,121,80,70,grass,ghost,#3D7DCA,
1014,Okidogi,Okidogi,default,555,88,128,115,58,86,80,poison,fighting,#3D7DCA,
1015,Munkidori,Munkidori,default,555,88,75,66,130,90,106,poison,psychic,#3D7DCA,
1016,Fezandipiti,Fezandipiti,default,555,88,91,82,70,125,99,poison,fairy,#3D7DCA,
1017,Ogerpon,Ogerpon,Teal Mask,550,80,120,84,60,96,110,grass,,#3D7DCA,
1017,Ogerpon Wellspring,Ogerpon,Wellspring Mask,550,80,120,84,60,96,110,grass,water,#3D7DCA,
1017,Ogerpon Hearthflame,Ogerpon,Hearthflame Mask,550,80,120,84,60,96,110,grass,fire,#3D7DCA,
1017,Ogerpon Cornerstone,Ogerpon,Cornerstone Mask,550,80,120,84,60,96,110,grass,rock,#3D7DCA,
1018,Archaludon,Archaludon,default,600,90,105,130,125,65,85,steel,dragon,#3D7DCA,
1019,Hydrapple,Hydrapple,default,540,106,80,110,120,80,44,grass,dragon,#3D7DCA,
1020,Gouging Fire,Gouging Fire,default,590,105,115,121,65,93,91,fire,dragon,#3D7DCA,
1021,Raging Bolt,Raging Bolt,default,590,125,73,91,137,89,75,electric,dragon,#3D7DCA,
1022,Iron Boulder,Iron Boulder,default,590,90,120,80,68,108,124,rock,psychic,#3D7DCA,
1023,Iron Crown,Iron Crown,default,590,90,72,100,122,108,98,steel,psychic,#3D7DCA,
1024,Terapagos,Terapagos,default,450,90,65,85,65,85,60,normal,,#3D7DCA,
1024,Terapagos Terastal,Terapagos,Terastal Form,600,95,95,110,105,110,85,normal,,#3D7DCA,
1024,Terapagos Stellar,Terapagos,Stellar Form,700,160,105,110,130,110,85,normal,,#3D7DCA,
1025,Peacharunt,Peacharunt,default,600,88,88,160,88,88,88,poison,ghost,#3D7DCA,
